Index,Age,Strategy,ROI
0,1,Buyout,0.14135385207400866
1,1,Buyout,0.6831974681036144
2,1,Buyout,1.167438915294877
3,1,Buyout,1.9509217131649184
4,1,Buyout,0.8069718860779638
5,1,Buyout,0.20439438798020587
6,1,Buyout,1.2900357163941407
7,1,Buyout,0.28935028524121204
8,1,Buyout,0.304180458711242
9,1,Buyout,0.5774201325121975
10,1,Buyout,1.141630236803193
11,1,Buyout,4.833240646900675
12,1,Buyout,0.09044816136931419
13,1,Buyout,2.1677750236788143
14,1,Buyout,1.5736048033358483
15,1,Buyout,1.4797507187876084
16,1,Buyout,0.17895921429846126
17,1,Buyout,0.5801862219375198
18,1,Buyout,1.3588701644554133
19,1,Buyout,0.9077052357479876
20,1,Buyout,2.7093987541343414
21,1,Buyout,1.7362284346875088
22,1,Buyout,0.2976543470748028
23,1,Buyout,2.1083091933185583
24,1,Buyout,0.6928478188383498
25,1,Buyout,1.0950493623144548
26,1,Buyout,0.39731667055433456
27,1,Buyout,3.333436556340653
28,1,Buyout,0.386200465576687
29,1,Buyout,1.2404329010550694
30,1,Buyout,0.20691174854354286
31,1,Buyout,1.4650471822624012
32,1,Buyout,2.4560920343274213
33,1,Buyout,1.4744771698001349
34,1,Buyout,0.32697307938381953
35,1,Buyout,1.9835921183948195
36,1,Buyout,1.740548672102791
37,1,Buyout,0.22270322996798464
38,1,Buyout,1.12839775716305
39,1,Buyout,1.3954832055582969
40,1,Buyout,1.741350956161991
41,1,Buyout,1.8803786679422745
42,1,Buyout,2.2772221773770696
43,1,Buyout,0.28563872736232865
44,1,Buyout,1.121723763172118
45,1,Buyout,1.7995651246554751
46,1,Buyout,0.6755927668171321
47,1,Buyout,1.2353423508024577
48,1,Buyout,2.6945681451502512
49,1,Buyout,1.7608160176257237
50,1,Buyout,1.098007196316956
51,1,Buyout,1.8045086667189416
52,1,Buyout,1.455512987447675
53,1,Buyout,0.22079006348393634
54,1,Buyout,0.900910868587472
55,1,Buyout,2.778973787537695
56,1,Buyout,1.079936197438886
57,1,Buyout,0.2012978707691636
58,1,Buyout,0.8616800736657874
59,1,Buyout,2.133710833895005
60,1,Buyout,0.4017255944246531
61,1,Buyout,0.23009903715416355
62,1,Buyout,0.6615595047824422
63,1,Buyout,0.12348401487043675
64,1,Buyout,2.5129339696340534
65,1,Buyout,2.792245965661932
66,1,Buyout,0.7322726528540346
67,1,Buyout,2.6401712554507504
68,1,Buyout,1.3641393597679357
69,1,Buyout,0.40068319048252615
70,1,Buyout,0.3942628901051824
71,1,Buyout,1.9307107672911152
72,1,Buyout,0.8573492958423571
73,1,Buyout,1.7683495620593477
74,1,Buyout,1.7555924259780065
75,1,Buyout,3.3259140386882
76,1,Buyout,1.7944223257747718
77,1,Buyout,1.2231904333680492
78,1,Buyout,1.976009940013054
79,1,Buyout,2.776013362518443
80,1,Buyout,0.880745134561013
81,1,Buyout,3.381318600159643
82,1,Buyout,0.5040038482760065
83,1,Buyout,2.7781431404101156
84,1,Buyout,3.5063276450830205
85,1,Buyout,0.3388643733729291
86,1,Buyout,1.3548795402399156
87,1,Buyout,1.5926177613289527
88,1,Buyout,1.3827017356523013
89,1,Buyout,1.6797829240032387
90,1,Buyout,0.842211455332135
91,1,Buyout,1.3270527611204013
92,1,Buyout,2.2883142718698184
93,1,Buyout,0.6986878285806356
94,1,Buyout,6.1869408437662825
95,1,Buyout,0.5934023641015157
96,1,Buyout,1.0974977290416488
97,1,Buyout,0.10245869095874294
98,1,Buyout,2.4243042815498943
99,1,Buyout,1.4923668465853397
100,1,Buyout,2.3471975069668987
101,1,Buyout,2.843486154121381
102,1,Buyout,1.5295719703851745
103,1,Buyout,0.9120982100528716
104,1,Buyout,1.1382455838991823
105,1,Buyout,0.11165426210498224
106,1,Buyout,0.2997171384714155
107,1,Buyout,1.0076168621315125
108,1,Buyout,2.028408561414748
109,1,Buyout,3.932060398508382
110,1,Buyout,0.8293617212842781
111,1,Buyout,0.08624992314971901
112,1,Buyout,1.6717363238679366
113,1,Buyout,0.90628690404162
114,1,Buyout,1.814515884369916
115,1,Buyout,1.0390385447376256
116,1,Buyout,0.7050918009810538
117,1,Buyout,0.33745293699533496
118,1,Buyout,1.4802902893715597
119,1,Buyout,0.6457719479385722
120,1,Buyout,2.822149001838278
121,1,Buyout,1.7055849088079478
122,1,Buyout,0.5670039662632403
123,1,Buyout,0.22218082702441214
124,1,Buyout,4.820704680070102
125,1,Buyout,1.9461478461314952
126,1,Buyout,0.3899108319591151
127,1,Buyout,4.789932607475723
128,1,Buyout,0.8898473236327011
129,1,Buyout,0.9736697331921128
130,1,Buyout,0.8024213835662914
131,1,Buyout,1.5080314334432787
132,1,Buyout,1.3541373589488424
133,1,Buyout,0.7179890843058842
134,1,Buyout,3.823276529004312
135,1,Buyout,0.3094377823142865
136,1,Buyout,1.430698962675936
137,1,Buyout,2.7660629597277997
138,1,Buyout,1.1804756979757045
139,1,Buyout,1.2660652263541174
140,1,Buyout,1.893907857030352
141,1,Buyout,2.052389481779953
142,1,Buyout,1.2874812642984554
143,1,Buyout,0.9519416771119712
144,1,Buyout,1.4569089007903102
145,1,Buyout,0.4817231683913678
146,1,Buyout,2.766103673001968
147,1,Buyout,2.0581156449668487
148,1,Buyout,1.6165795815713224
149,1,Buyout,2.1752367193601363
150,1,Buyout,2.150982535224685
151,1,Buyout,1.4077701231650823
152,1,Buyout,0.6455958468557794
153,1,Buyout,0.7855080751834198
154,1,Buyout,1.498257448792652
155,1,Buyout,0.4818968423359189
156,1,Buyout,1.0303013725979515
157,1,Buyout,0.32798958232266395
158,1,Buyout,0.10470389427469234
159,1,Buyout,0.26190744983150577
160,1,Buyout,0.6226609444073564
161,1,Buyout,0.7936333978537053
162,1,Buyout,0.16989423908522192
163,1,Buyout,0.8778552126062688
164,1,Buyout,2.852555342568023
165,1,Buyout,2.7955029770728355
166,1,Buyout,1.5813286507772424
167,1,Buyout,2.6119093678558447
168,1,Buyout,1.3831292462142402
169,1,Buyout,2.3330863451556074
170,1,Buyout,1.3196289701047008
171,1,Buyout,3.638709714461161
172,1,Buyout,5.024832343925409
173,1,Buyout,1.3971740792073113
174,1,Buyout,2.071398058379464
175,1,Buyout,2.4891809478596167
176,1,Buyout,1.992308048576224
177,1,Buyout,3.8625067422907815
178,1,Buyout,2.8637233215776607
179,1,Buyout,1.4141990893189829
180,1,Buyout,9.34187109205453
181,1,Buyout,1.48711718709005
182,1,Buyout,2.668915003266483
183,1,Buyout,0.2449286708486483
184,1,Buyout,0.6925272986713237
185,1,Buyout,1.6068850120699307
186,1,Buyout,1.3384851378619762
187,1,Buyout,1.2848106856904884
188,1,Buyout,0.9682291563438744
189,1,Buyout,0.519043156721434
190,1,Buyout,1.3693215797674736
191,1,Buyout,0.8290775170615123
192,1,Buyout,1.4548070511081304
193,1,Buyout,0.6125753958473605
194,1,Buyout,0.2674857671140988
195,1,Buyout,1.0647212654723075
196,1,Buyout,0.41737785356647417
197,1,Buyout,1.1509215435059237
198,1,Buyout,0.3982538561666568
199,1,Buyout,0.7843841492454102
200,1,VC,0.4869668098714762
201,1,VC,0.027363291372149358
202,1,VC,1.0913493061112507
203,1,VC,0.25360744887613235
204,1,VC,0.07069205194020467
205,1,VC,9.302026036680589
206,1,VC,0.08786895047896161
207,1,VC,7.6815628290695805
208,1,VC,0.1352532660538799
209,1,VC,0.002160689572822355
210,1,VC,1.7486639809047697
211,1,VC,0.07987320408417188
212,1,VC,0.8627252215360834
213,1,VC,0.5042225400031202
214,1,VC,0.02971871150612853
215,1,VC,3.6211407859032727
216,1,VC,1.3118389598495932
217,1,VC,1.0167486993136703
218,1,VC,2.801325734980145
219,1,VC,2.6043389870534264
220,1,VC,0.4089034402448896
221,1,VC,0.041062281019039915
222,1,VC,1.0326514929612562
223,1,VC,0.0968434204470817
224,1,VC,0.7703551793321091
225,1,VC,0.4772789024633191
226,1,VC,0.540613647037478
227,1,VC,2.5304495485300715
228,1,VC,7.589559104647328
229,1,VC,1.039523411730802
230,1,VC,3.08751138309758
231,1,VC,0.04803546301189565
232,1,VC,0.036571453125744224
233,1,VC,2.7617816910362727
234,1,VC,0.06550689883283156
235,1,VC,0.19433673618128808
236,1,VC,2.258856378115399
237,1,VC,0.8062869945075924
238,1,VC,1.1780440762702435
239,1,VC,0.04092880933834135
240,1,VC,1.1196224488531168
241,1,VC,3.2119208151258123
242,1,VC,4.3728011938548415
243,1,VC,0.4748849771051838
244,1,VC,0.01045409466513947
245,1,VC,0.32575073304998403
246,1,VC,0.6204689636811545
247,1,VC,1.5739503818692098
248,1,VC,1.4908899774887123
249,1,VC,1.4250763334261882
250,1,VC,1.7395401130634465
251,1,VC,0.382437197744292
252,1,VC,1.5066215434840244
253,1,VC,1.1216816556861169
254,1,VC,0.015324200477243371
255,1,VC,0.02861006474818717
256,1,VC,0.3665666124893098
257,1,VC,0.3567652654133143
258,1,VC,5.3800623469015125
259,1,VC,0.6190715941154714
260,1,VC,1.1586019961105454
261,1,VC,0.06255457136059625
262,1,VC,0.015018287892593185
263,1,VC,0.009254376276720641
264,1,VC,0.6598057574789239
265,1,VC,6.343352982471732
266,1,VC,3.1595768998410336
267,1,VC,2.5537349016519246
268,1,VC,0.2455164360843149
269,1,VC,2.65974054224414
270,1,VC,1.6528684617648233
271,1,VC,2.4093343506546088
272,1,VC,3.029651066392724
273,1,VC,0.8985545075426818
274,1,VC,1.0361201653283267
275,1,VC,1.2564361874333496
276,1,VC,0.9926893584704196
277,1,VC,0.9140023076736038
278,1,VC,4.790075011604684
279,1,VC,0.9186308873996636
280,1,VC,0.8044905405941133
281,1,VC,4.325537416140695
282,1,VC,0.790528124498545
283,1,VC,0.22095571699845235
284,1,VC,0.702256473637827
285,1,VC,1.261441521821825
286,1,VC,0.15515844930477388
287,1,VC,0.8236008628878131
288,1,VC,0.14492717847299327
289,1,VC,0.26210013812255906
290,1,VC,0.0954068141440532
291,1,VC,0.05323644722729865
292,1,VC,0.3361399254568309
293,1,VC,0.009630590967080315
294,1,VC,0.5491058123884373
295,1,VC,1.1849485013860344
296,1,VC,3.6006583718534366
297,1,VC,1.0639892286924135
298,1,VC,0.4837215976701747
299,1,VC,0.04935521686524802
300,1,VC,0.10061617612229268
301,1,VC,3.2384566598464866
302,1,VC,2.211988360030296
303,1,VC,1.469183076279973
304,1,VC,0.6164083331247632
305,1,VC,1.919737290804364
306,1,VC,3.6308604290165576
307,1,VC,0.6252146683032178
308,1,VC,0.8964196258790545
309,1,VC,3.1882905576603253
310,1,VC,0.6032430761632785
311,1,VC,3.051683614135118
312,1,VC,0.7112048682454309
313,1,VC,1.0055881037428591
314,1,VC,1.3445459606047807
315,1,VC,4.725736969878303
316,1,VC,1.6006626019088808
317,1,VC,0.1737782754505822
318,1,VC,2.5462484329919914
319,1,VC,0.17487308336019228
320,1,VC,1.7231549387130247
321,1,VC,1.5970381042389403
322,1,VC,1.2119364268329051
323,1,VC,1.3002704010887691
324,1,VC,1.9056054884714475
325,1,VC,0.16077240731655632
326,1,VC,3.065630476304651
327,1,VC,0.1285424719766768
328,1,VC,1.1682086999531498
329,1,VC,1.4029205760830925
330,1,VC,0.8386265797931952
331,1,VC,0.011579405301509412
332,1,VC,0.22431304563923665
333,1,VC,0.4641229543641292
334,1,VC,0.2842046964661335
335,1,VC,4.442846963486695
336,1,VC,0.579525310607194
337,1,VC,3.1947560469523366
338,1,VC,2.139646671063045
339,1,VC,1.0733033673498804
340,1,VC,0.0690092735004807
341,1,VC,0.4016019406853699
342,1,VC,0.789175344423185
343,1,VC,0.2565358986138908
344,1,VC,0.06532163903447424
345,1,VC,1.9046660139744511
346,1,VC,1.071921298575818
347,1,VC,0.20509626473765846
348,1,VC,0.7320364116142138
349,1,VC,1.3018199514186195
350,1,VC,2.361005478313404
351,1,VC,3.3781977162488683
352,1,VC,0.0028306247598778693
353,1,VC,1.2884611989777517
354,1,VC,3.0323515498609703
355,1,VC,0.2521024428674091
356,1,VC,0.6611580618374141
357,1,VC,3.6879739286109583
358,1,VC,0.4149289083755129
359,1,VC,2.9252659148851863
360,1,VC,0.14763175576253015
361,1,VC,0.07096601453222902
362,1,VC,0.7381941803504926
363,1,VC,1.8553869856471632
364,1,VC,0.9500177715256192
365,1,VC,1.1873470878007113
366,1,VC,0.8654238322451494
367,1,VC,0.3043930515736492
368,1,VC,0.17866061547766535
369,1,VC,2.3929756199342416
370,1,VC,1.926550773564898
371,1,VC,1.135942197731395
372,1,VC,2.1414376370152266
373,1,VC,0.033124336318182394
374,1,VC,0.37092114435167134
375,1,VC,0.39177357252045786
376,1,VC,0.30787996133450457
377,1,VC,1.284661360346831
378,1,VC,0.3504001410447773
379,1,VC,2.030204794380531
380,1,VC,0.7351075082345021
381,1,VC,1.2676344702582607
382,1,VC,0.4485029758863566
383,1,VC,1.026475051339468
384,1,VC,0.5918047143667652
385,1,VC,2.4334928657467167
386,1,VC,0.10777854487080728
387,1,VC,0.009466080113943294
388,1,VC,0.09945216446782136
389,1,VC,0.4063298928007728
390,1,VC,0.07735120355263371
391,1,VC,1.1616508226496498
392,1,VC,0.7391515311478037
393,1,VC,0.595389425206649
394,1,VC,1.9834225523765927
395,1,VC,1.386958648983916
396,1,VC,0.11265204734702695
397,1,VC,1.043483744935394
398,1,VC,0.922965846938332
399,1,VC,0.677987232259853
400,2,Buyout,1.2081664937732728
401,2,Buyout,2.0453186093137257
402,2,Buyout,0.4423576582989891
403,2,Buyout,0.28295294958870293
404,2,Buyout,2.886837198419337
405,2,Buyout,3.754972185208591
406,2,Buyout,0.8253702507968439
407,2,Buyout,0.6093502592686936
408,2,Buyout,2.1543411628380813
409,2,Buyout,1.1874847039598515
410,2,Buyout,0.8057891203847661
411,2,Buyout,1.2961763158574904
412,2,Buyout,0.988878627035331
413,2,Buyout,1.4705748256222206
414,2,Buyout,0.6044034033982271
415,2,Buyout,2.0346825586596773
416,2,Buyout,1.7953799719501782
417,2,Buyout,0.8454807791949382
418,2,Buyout,1.4097649616943944
419,2,Buyout,0.4497678697980409
420,2,Buyout,0.6250108501204639
421,2,Buyout,0.8749701466084461
422,2,Buyout,3.947422770324132
423,2,Buyout,2.279994475150525
424,2,Buyout,0.2729379313914765
425,2,Buyout,3.11487963671521
426,2,Buyout,2.7779245855385883
427,2,Buyout,3.376600016844433
428,2,Buyout,0.8453269877981798
429,2,Buyout,0.5093692945102541
430,2,Buyout,0.3889108664728864
431,2,Buyout,0.7038402084838197
432,2,Buyout,0.99426457245307
433,2,Buyout,0.7612587338989053
434,2,Buyout,3.1310932796412767
435,2,Buyout,0.13886673220123252
436,2,Buyout,3.4923712718405495
437,2,Buyout,0.03824208071394916
438,2,Buyout,2.820506013120095
439,2,Buyout,0.6788364283963305
440,2,Buyout,3.3397257895204726
441,2,Buyout,1.8708490063384342
442,2,Buyout,1.6182393880627444
443,2,Buyout,2.7225381597126384
444,2,Buyout,2.0825271974416606
445,2,Buyout,1.175397947721903
446,2,Buyout,0.568832686957663
447,2,Buyout,3.73084767579781
448,2,Buyout,3.993103042321103
449,2,Buyout,1.1781321995807197
450,2,Buyout,0.26485181020181625
451,2,Buyout,0.8305748969824343
452,2,Buyout,1.6808956977830034
453,2,Buyout,1.056875845768252
454,2,Buyout,0.451943937842276
455,2,Buyout,0.6688496885459024
456,2,Buyout,1.2336321626765248
457,2,Buyout,2.1007940412645687
458,2,Buyout,0.7273152984528627
459,2,Buyout,1.804256505670906
460,2,Buyout,4.8364864281062765
461,2,Buyout,2.5788013732859407
462,2,Buyout,1.24601759267755
463,2,Buyout,1.2454076475239062
464,2,Buyout,0.06634878336319862
465,2,Buyout,1.4139876762258776
466,2,Buyout,1.9170954528472752
467,2,Buyout,0.9423886790765847
468,2,Buyout,1.0089317575645564
469,2,Buyout,1.1645459867676342
470,2,Buyout,0.6380511310717562
471,2,Buyout,2.127869829867424
472,2,Buyout,0.7412908748936905
473,2,Buyout,2.1938508521179174
474,2,Buyout,0.3059197636627822
475,2,Buyout,0.44249404703056056
476,2,Buyout,4.684377926192507
477,2,Buyout,0.5398103996043073
478,2,Buyout,2.0602441424052724
479,2,Buyout,1.8097551944539176
480,2,Buyout,0.8829364770813768
481,2,Buyout,0.8488044259969364
482,2,Buyout,1.6265302430149633
483,2,Buyout,0.7928469568495206
484,2,Buyout,1.023658397983034
485,2,Buyout,0.946295316241506
486,2,Buyout,0.829601587315491
487,2,Buyout,2.467718385087896
488,2,Buyout,4.445983205462512
489,2,Buyout,2.1168499204924847
490,2,Buyout,0.4643708332917922
491,2,Buyout,0.381172813741428
492,2,Buyout,2.5487653864532147
493,2,Buyout,1.91010300597822
494,2,Buyout,2.220101367042697
495,2,Buyout,0.9231220834305744
496,2,Buyout,0.7435082085425297
497,2,Buyout,1.4582676320197787
498,2,Buyout,0.3285928185446697
499,2,Buyout,1.0776189058682166
500,2,Buyout,3.1712349230384405
501,2,Buyout,0.3773161012604527
502,2,Buyout,0.09160335390585407
503,2,Buyout,3.5393098065499218
504,2,Buyout,0.2508162782947653
505,2,Buyout,0.2505463015157797
506,2,Buyout,1.117674468005874
507,2,Buyout,1.1790630469016958
508,2,Buyout,1.5914910901967867
509,2,Buyout,1.1468323385256889
510,2,Buyout,1.6362114722937633
511,2,Buyout,0.4394830111880545
512,2,Buyout,0.2529052181871376
513,2,Buyout,0.20802034154868865
514,2,Buyout,1.106645565267884
515,2,Buyout,0.9423531751013084
516,2,Buyout,0.4875961890796573
517,2,Buyout,2.4943002485137016
518,2,Buyout,0.729092535129209
519,2,Buyout,0.4236645033601169
520,2,Buyout,0.3742246940963677
521,2,Buyout,0.18168841254256946
522,2,Buyout,3.5443253689902283
523,2,Buyout,0.7158560850427281
524,2,Buyout,0.6469753317880373
525,2,Buyout,1.3230954790555305
526,2,Buyout,1.8010921261900266
527,2,Buyout,1.5016616425927036
528,2,Buyout,0.16399683790002434
529,2,Buyout,0.9226078176741888
530,2,Buyout,0.5839149294902154
531,2,Buyout,0.27253376654019995
532,2,Buyout,1.8559283622189275
533,2,Buyout,3.240653642237948
534,2,Buyout,0.06839819246901137
535,2,Buyout,1.413314593774568
536,2,Buyout,3.202205820856617
537,2,Buyout,0.884281275990429
538,2,Buyout,1.9896582638026965
539,2,Buyout,2.405955176177422
540,2,Buyout,1.741386559592515
541,2,Buyout,1.6713302189272925
542,2,Buyout,1.1015109930360991
543,2,Buyout,0.14538475828398542
544,2,Buyout,2.351745044760817
545,2,Buyout,0.4364535896322621
546,2,Buyout,0.5790362174687286
547,2,Buyout,0.3506453459380384
548,2,Buyout,1.7550364186526402
549,2,Buyout,1.030333397581176
550,2,Buyout,0.7517839510365125
551,2,Buyout,0.5723217040122969
552,2,Buyout,1.2797728656830394
553,2,Buyout,1.97592063930824
554,2,Buyout,0.8078483884761104
555,2,Buyout,2.533298020352012
556,2,Buyout,0.30927949052519504
557,2,Buyout,1.0693301126391228
558,2,Buyout,3.026117177176757
559,2,Buyout,0.4724630254335053
560,2,Buyout,2.5147261378195616
561,2,Buyout,1.4712728434809892
562,2,Buyout,2.183550442111432
563,2,Buyout,2.249204406720878
564,2,Buyout,0.4351284683057493
565,2,Buyout,0.8117599839136586
566,2,Buyout,3.4928662259416967
567,2,Buyout,0.29684840643056754
568,2,Buyout,1.4167582279737534
569,2,Buyout,0.29630672213074105
570,2,Buyout,0.8880206843545438
571,2,Buyout,0.6745025615394643
572,2,Buyout,0.6297024505507756
573,2,Buyout,1.0355104236712442
574,2,Buyout,0.006193447313933569
575,2,Buyout,0.4776051099301189
576,2,Buyout,1.2189534256905117
577,2,Buyout,0.9964878465233956
578,2,Buyout,0.2234181560438434
579,2,Buyout,2.5434421210381437
580,2,Buyout,0.0650895660644835
581,2,Buyout,0.4181386225561436
582,2,Buyout,0.44763840873899696
583,2,Buyout,0.30785817055773457
584,2,Buyout,4.8652818997727065
585,2,Buyout,0.4631814654067583
586,2,Buyout,0.14645207335827284
587,2,Buyout,0.5253407737893696
588,2,Buyout,0.9731582967459224
589,2,Buyout,0.8586052464867276
590,2,Buyout,0.9227741082040718
591,2,Buyout,0.918146499940552
592,2,Buyout,2.4657830161590497
593,2,Buyout,2.556432858475943
594,2,Buyout,0.6219037837188399
595,2,Buyout,0.6012814707756774
596,2,Buyout,2.1466662929662688
597,2,Buyout,0.07309391335681435
598,2,Buyout,0.8687597140173156
599,2,Buyout,2.4583927647150654
600,2,VC,0.36911643091846946
601,2,VC,2.5625825085365093
602,2,VC,0.6150255286403715
603,2,VC,2.5735121867164006
604,2,VC,1.6090788501704911
605,2,VC,1.3159933019965953
606,2,VC,1.4636367081647503
607,2,VC,1.4238097282978968
608,2,VC,1.1969116662883106
609,2,VC,1.727929777553496
610,2,VC,0.018879483623968518
611,2,VC,0.2234256346098127
612,2,VC,0.07621170288337371
613,2,VC,0.9834596800521446
614,2,VC,0.0026262476091883373
615,2,VC,0.2226258939682869
616,2,VC,2.8995995857357215
617,2,VC,2.216988338276332
618,2,VC,0.046420576620213434
619,2,VC,0.05554218029795125
620,2,VC,1.2735987906038595
621,2,VC,0.12277523533068516
622,2,VC,0.03243116244819987
623,2,VC,0.5853354407902146
624,2,VC,0.6260761085622477
625,2,VC,0.023207242009032868
626,2,VC,9.86853172029732
627,2,VC,0.0739763257972754
628,2,VC,1.2338427889748227
629,2,VC,1.523006759608255
630,2,VC,0.040277336414911435
631,2,VC,1.3924211946369804
632,2,VC,2.4747806973685167
633,2,VC,2.0285848022860145
634,2,VC,0.2626028857780565
635,2,VC,0.028812040837488288
636,2,VC,0.6414890942081725
637,2,VC,0.9212004067447498
638,2,VC,0.16329657894328212
639,2,VC,0.5999387383680577
640,2,VC,2.2976368545053867
641,2,VC,1.5569640459184706
642,2,VC,1.0862861208318602
643,2,VC,2.367735311757864
644,2,VC,0.0168866386469784
645,2,VC,3.539323361043365
646,2,VC,0.01735156156767512
647,2,VC,0.07837032548530828
648,2,VC,0.040338919041533965
649,2,VC,0.7420635777044411
650,2,VC,0.1125989718324194
651,2,VC,2.355666892294316
652,2,VC,0.35356390568561463
653,2,VC,5.532503056538002
654,2,VC,0.35396047454171
655,2,VC,0.3458889220912183
656,2,VC,0.7425865068305443
657,2,VC,1.8929183496633808
658,2,VC,0.4650870202272663
659,2,VC,0.8179813026062547
660,2,VC,0.8924436825087243
661,2,VC,0.07492247571846636
662,2,VC,0.9846177463318958
663,2,VC,2.2650541486382494
664,2,VC,0.9543308969752022
665,2,VC,0.9492842698070516
666,2,VC,1.5803672158338855
667,2,VC,0.08765492606274598
668,2,VC,1.9379153164417189
669,2,VC,6.38737422428109
670,2,VC,0.311602949656592
671,2,VC,0.020212332720016556
672,2,VC,1.6311216307671768
673,2,VC,1.7503747697491687
674,2,VC,0.008234723443980985
675,2,VC,1.5258119046115015
676,2,VC,2.1338035471828167
677,2,VC,1.9470357622630816
678,2,VC,0.5266175895180466
679,2,VC,0.8842315981049634
680,2,VC,1.7340214505331273
681,2,VC,1.171427921045028
682,2,VC,1.7564547191074735
683,2,VC,3.3754983604792503
684,2,VC,0.12588782152587782
685,2,VC,6.057553648261449
686,2,VC,0.6316569689891176
687,2,VC,1.6411619045410195
688,2,VC,1.1153164165999825
689,2,VC,7.520374401370397
690,2,VC,3.5646935534797333
691,2,VC,0.00032753147456515447
692,2,VC,0.6062410455671173
693,2,VC,0.6426878508361371
694,2,VC,2.392465266689831
695,2,VC,0.1352973806524693
696,2,VC,0.029926643084648326
697,2,VC,1.4281957366789193
698,2,VC,0.25161994847505154
699,2,VC,2.093812274423695
700,2,VC,5.426488537285943
701,2,VC,0.043769655085334175
702,2,VC,1.9540202716407544
703,2,VC,0.182692287202412
704,2,VC,2.3652606439526886
705,2,VC,0.4199058879716159
706,2,VC,1.6753046189241478
707,2,VC,0.15301805584605102
708,2,VC,0.3734637666763624
709,2,VC,1.1021790351794003
710,2,VC,0.6901459501841875
711,2,VC,3.4913526246673707
712,2,VC,3.1344428237162094
713,2,VC,0.12089409744768972
714,2,VC,2.315496111661436
715,2,VC,0.6003668928268842
716,2,VC,5.803976307023827
717,2,VC,0.01818632191878583
718,2,VC,1.4400986919567298
719,2,VC,0.07454531908598833
720,2,VC,0.027617741759041862
721,2,VC,3.083156801965629
722,2,VC,3.111072336685345
723,2,VC,0.15848128770220749
724,2,VC,0.612396668490158
725,2,VC,1.8737352109644856
726,2,VC,1.1386579137435595
727,2,VC,0.9953468380553152
728,2,VC,0.15339042846040565
729,2,VC,0.5314115088965125
730,2,VC,0.8836557848694493
731,2,VC,0.06336296807379103
732,2,VC,0.5363437173624293
733,2,VC,0.9272135539658488
734,2,VC,2.2758299489809777
735,2,VC,1.6547637649303826
736,2,VC,0.5029484363896649
737,2,VC,0.4816052122632822
738,2,VC,1.7762500630493787
739,2,VC,0.4843983172960007
740,2,VC,0.06862647258088429
741,2,VC,0.20080628935464565
742,2,VC,3.188385606983528
743,2,VC,0.8479454502037705
744,2,VC,5.780606052402222
745,2,VC,1.8164243521198025
746,2,VC,0.011670411141354585
747,2,VC,5.578025960133821
748,2,VC,0.5006783202233
749,2,VC,3.404934308616929
750,2,VC,0.7795580803723225
751,2,VC,0.1491772263332132
752,2,VC,0.37490427116979136
753,2,VC,0.4164121780288313
754,2,VC,1.3319444620890948
755,2,VC,0.1620788334000927
756,2,VC,0.4979698290877637
757,2,VC,2.5582703452178817
758,2,VC,2.063661772205296
759,2,VC,1.2156357006091008
760,2,VC,2.96328225059252
761,2,VC,0.07812766854301678
762,2,VC,0.4138619103495272
763,2,VC,3.646180825099493
764,2,VC,2.1496972476772074
765,2,VC,0.13020838400011134
766,2,VC,0.1128060296691661
767,2,VC,0.42091376096311783
768,2,VC,2.8805492285952004
769,2,VC,4.308335037350502
770,2,VC,0.4468957121451808
771,2,VC,0.13622884988546613
772,2,VC,0.5526159693777253
773,2,VC,0.042492889413359616
774,2,VC,3.6460457156505255
775,2,VC,0.29419570028968633
776,2,VC,2.2758557373998123
777,2,VC,1.40032483352823
778,2,VC,0.8282749642859539
779,2,VC,0.3709276534102277
780,2,VC,1.1478352021724358
781,2,VC,1.1687529479752417
782,2,VC,0.4582803183981922
783,2,VC,0.1437912516563616
784,2,VC,1.8244374325134247
785,2,VC,0.04466434562079178
786,2,VC,2.861229542761587
787,2,VC,3.9144792950142175
788,2,VC,0.4220026612174385
789,2,VC,0.6505134542936674
790,2,VC,0.3679721213245465
791,2,VC,1.147768848300144
792,2,VC,0.7170031826483457
793,2,VC,0.4305477344250563
794,2,VC,0.09425448657261636
795,2,VC,0.7198291498834936
796,2,VC,0.5504150902824014
797,2,VC,1.3039792449297165
798,2,VC,1.077058401248984
799,2,VC,0.02043440127654693
800,3,Buyout,1.1929141717465603
801,3,Buyout,2.715450497785989
802,3,Buyout,0.17054136690235813
803,3,Buyout,1.6225856671388048
804,3,Buyout,1.5444360670973905
805,3,Buyout,1.364116879076311
806,3,Buyout,0.45846950981506
807,3,Buyout,4.999243891900422
808,3,Buyout,0.3835100781984409
809,3,Buyout,1.5990968319378132
810,3,Buyout,1.0874232511085615
811,3,Buyout,0.1133029166422282
812,3,Buyout,1.854298583774
813,3,Buyout,1.5706714106575472
814,3,Buyout,0.7504842392759643
815,3,Buyout,1.3592529051795723
816,3,Buyout,0.5053008609006201
817,3,Buyout,2.542066602137101
818,3,Buyout,3.49461583148738
819,3,Buyout,0.9412250171631996
820,3,Buyout,0.8805760892428371
821,3,Buyout,0.8878814227271635
822,3,Buyout,3.8967591300035824
823,3,Buyout,4.110062279419669
824,3,Buyout,0.4321635331038767
825,3,Buyout,0.16344421186706667
826,3,Buyout,0.7892941403286622
827,3,Buyout,0.4024882510515109
828,3,Buyout,0.09784472538001092
829,3,Buyout,1.074011907249382
830,3,Buyout,1.2933349062262267
831,3,Buyout,0.9571117005573267
832,3,Buyout,0.30115853376407786
833,3,Buyout,2.8638538425907942
834,3,Buyout,2.7428194808309714
835,3,Buyout,2.6664398735996704
836,3,Buyout,1.394787879014059
837,3,Buyout,0.8657694950568042
838,3,Buyout,1.3750136857564292
839,3,Buyout,2.157147156648461
840,3,Buyout,4.838359218305624
841,3,Buyout,0.5264261799321811
842,3,Buyout,1.0373509222740298
843,3,Buyout,0.4042642222846449
844,3,Buyout,2.512896524160228
845,3,Buyout,0.60380829089709
846,3,Buyout,5.988218399535077
847,3,Buyout,0.4319961220400034
848,3,Buyout,0.2509040510540587
849,3,Buyout,2.001083106648878
850,3,Buyout,1.778783422757526
851,3,Buyout,0.5844521156684952
852,3,Buyout,0.3237841464758601
853,3,Buyout,0.5926302508417649
854,3,Buyout,0.9554969315224858
855,3,Buyout,0.19126830434257835
856,3,Buyout,3.2002024360960566
857,3,Buyout,0.5033112748784658
858,3,Buyout,0.027415774458195933
859,3,Buyout,2.5221298212472694
860,3,Buyout,2.2246903460944387
861,3,Buyout,0.5140728405787434
862,3,Buyout,1.0184960301968615
863,3,Buyout,0.2660524271800509
864,3,Buyout,1.575656696131139
865,3,Buyout,0.7649406025552677
866,3,Buyout,2.2339040968398054
867,3,Buyout,2.507979794639483
868,3,Buyout,3.268097338114236
869,3,Buyout,0.7490390393176902
870,3,Buyout,0.2043911075560451
871,3,Buyout,2.260669579189397
872,3,Buyout,0.748632235206167
873,3,Buyout,0.4470643173192041
874,3,Buyout,0.13347026333098838
875,3,Buyout,1.228506177720593
876,3,Buyout,0.917755532608292
877,3,Buyout,1.269239921719009
878,3,Buyout,0.9867781096879672
879,3,Buyout,0.4339981709692529
880,3,Buyout,0.4300066582707229
881,3,Buyout,0.3899640520325831
882,3,Buyout,1.6819840849121113
883,3,Buyout,1.9408412477564567
884,3,Buyout,0.9246661240200208
885,3,Buyout,1.5090915988091596
886,3,Buyout,2.674740642890705
887,3,Buyout,0.2447620611800152
888,3,Buyout,0.8846612194823051
889,3,Buyout,0.3248022880341493
890,3,Buyout,0.055565372733276566
891,3,Buyout,0.6401344620335195
892,3,Buyout,3.125453724508956
893,3,Buyout,0.3850069136127868
894,3,Buyout,1.9965918716495052
895,3,Buyout,0.191647385292542
896,3,Buyout,0.3646949598518733
897,3,Buyout,2.140767552016379
898,3,Buyout,2.0744663231712708
899,3,Buyout,0.2571160787656032
900,3,Buyout,0.7074000024174047
901,3,Buyout,0.6437607271462574
902,3,Buyout,3.063385040433852
903,3,Buyout,0.6705210578913123
904,3,Buyout,0.5878919378935439
905,3,Buyout,0.8177659754803872
906,3,Buyout,0.057344595717931185
907,3,Buyout,1.0052286509068231
908,3,Buyout,3.827933532826077
909,3,Buyout,0.05705892420156969
910,3,Buyout,0.35170958879057973
911,3,Buyout,1.2850040066222086
912,3,Buyout,0.9698856940306012
913,3,Buyout,1.1347392579317364
914,3,Buyout,1.7692591666223692
915,3,Buyout,2.2933955004979123
916,3,Buyout,2.3796589590332347
917,3,Buyout,1.3697491452378094
918,3,Buyout,1.4192568602937714
919,3,Buyout,3.376554874668514
920,3,Buyout,5.285626012074203
921,3,Buyout,0.2264215702903232
922,3,Buyout,0.4639192215716829
923,3,Buyout,1.9341123110844929
924,3,Buyout,1.6721496881907016
925,3,Buyout,0.401471418965628
926,3,Buyout,1.117085284298416
927,3,Buyout,3.1047990517457618
928,3,Buyout,3.546561936775315
929,3,Buyout,0.17511660809737042
930,3,Buyout,0.08859622487529034
931,3,Buyout,2.930711715927967
932,3,Buyout,1.2137161586183516
933,3,Buyout,0.4628598181935338
934,3,Buyout,0.6602090391779348
935,3,Buyout,0.06403207472662775
936,3,Buyout,0.032349838067511884
937,3,Buyout,0.2754669009688552
938,3,Buyout,0.3187790051156911
939,3,Buyout,1.0611953416692053
940,3,Buyout,1.3747771800788111
941,3,Buyout,0.3221692424279372
942,3,Buyout,0.39320289410577186
943,3,Buyout,1.1702528264805767
944,3,Buyout,0.7214612894099939
945,3,Buyout,0.0532730565877688
946,3,Buyout,0.3877636526627533
947,3,Buyout,0.20296711991332775
948,3,Buyout,3.600113338510744
949,3,Buyout,1.1431592652914842
950,3,Buyout,3.023494246959672
951,3,Buyout,0.5055478165816794
952,3,Buyout,0.7766586239704573
953,3,Buyout,4.671057091549428
954,3,Buyout,0.6207216117003154
955,3,Buyout,0.601667364398159
956,3,Buyout,1.2726444725978563
957,3,Buyout,0.6227514648425828
958,3,Buyout,0.9062318007353792
959,3,Buyout,1.7036742577169022
960,3,Buyout,3.59493780687272
961,3,Buyout,1.0384357377263218
962,3,Buyout,0.6647791176048786
963,3,Buyout,0.6558927647456889
964,3,Buyout,0.08829587300564835
965,3,Buyout,3.6530919722620183
966,3,Buyout,2.561097043634438
967,3,Buyout,1.4132381383593542
968,3,Buyout,0.7140519696294935
969,3,Buyout,0.24230918243143185
970,3,Buyout,1.069794855892098
971,3,Buyout,0.7787292045289314
972,3,Buyout,1.224673943631415
973,3,Buyout,0.3956113947787103
974,3,Buyout,0.9750664678397094
975,3,Buyout,1.4190724169474025
976,3,Buyout,0.3306089993708969
977,3,Buyout,2.665223492077647
978,3,Buyout,3.3024167775680047
979,3,Buyout,1.4634288366987034
980,3,Buyout,1.2713586769775564
981,3,Buyout,0.14599508813290782
982,3,Buyout,0.8513789208758749
983,3,Buyout,0.2683035312514128
984,3,Buyout,0.6549158129995378
985,3,Buyout,1.5661058022596173
986,3,Buyout,1.4527018877872753
987,3,Buyout,0.2600770162737239
988,3,Buyout,1.2937025592442786
989,3,Buyout,1.0873157558697897
990,3,Buyout,3.0739318537342255
991,3,Buyout,0.4629332129560032
992,3,Buyout,0.10917063211501933
993,3,Buyout,0.4929361460303485
994,3,Buyout,2.078595603601689
995,3,Buyout,2.587508011864235
996,3,Buyout,2.4629389664317807
997,3,Buyout,1.2629625189490592
998,3,Buyout,0.12344701728817112
999,3,Buyout,0.06691872146729742
1000,3,VC,2.0819282041295613
1001,3,VC,0.861124790841804
1002,3,VC,0.377421535968184
1003,3,VC,0.28164379622403035
1004,3,VC,0.17964210882467008
1005,3,VC,1.0462685837134529
1006,3,VC,0.1195878695701849
1007,3,VC,0.0029946827285083485
1008,3,VC,2.003850683149804
1009,3,VC,1.9958020562154388
1010,3,VC,0.06150016309204324
1011,3,VC,1.957571616635179
1012,3,VC,0.3057875920493982
1013,3,VC,2.503701004414717
1014,3,VC,1.1213248318227742
1015,3,VC,2.1638506868464003
1016,3,VC,0.08608872871099013
1017,3,VC,0.3860304768675234
1018,3,VC,3.4617453124090507
1019,3,VC,0.06806504822314305
1020,3,VC,0.6481583268399037
1021,3,VC,1.6764143067039128
1022,3,VC,0.2853953375794765
1023,3,VC,0.07758640815129995
1024,3,VC,0.11683570887956325
1025,3,VC,2.330131522119848
1026,3,VC,0.022006742595575748
1027,3,VC,1.465968073883115
1028,3,VC,0.4331967942116061
1029,3,VC,4.322803686879041
1030,3,VC,0.0015554450894202775
1031,3,VC,3.298321749372005
1032,3,VC,0.7427609644748157
1033,3,VC,1.183158549164184
1034,3,VC,0.475588338775451
1035,3,VC,1.0901947756707056
1036,3,VC,1.0861748866722576
1037,3,VC,5.076266617571254
1038,3,VC,3.2677343402272334
1039,3,VC,0.2705275103019519
1040,3,VC,0.7165447108181026
1041,3,VC,0.4977338236326813
1042,3,VC,2.848066868689401
1043,3,VC,2.5588253435850885
1044,3,VC,0.004337420082454261
1045,3,VC,5.727082914527463
1046,3,VC,0.7345883932098691
1047,3,VC,0.30688053991368536
1048,3,VC,2.4851424182179005
1049,3,VC,0.8613407348541314
1050,3,VC,1.9338324338079007
1051,3,VC,0.10739908170271938
1052,3,VC,0.16880577827625606
1053,3,VC,0.12705961668880447
1054,3,VC,1.8162883870995268
1055,3,VC,1.5681666162351786
1056,3,VC,0.5342251360267553
1057,3,VC,3.0915779838413315
1058,3,VC,0.3731530318529989
1059,3,VC,0.22101297351891047
1060,3,VC,0.5156357898168635
1061,3,VC,2.1601499611265904
1062,3,VC,0.11937896417853965
1063,3,VC,1.230724512328907
1064,3,VC,0.043220326961612286
1065,3,VC,3.4784140948002618
1066,3,VC,0.8748170896368161
1067,3,VC,4.691645052732482
1068,3,VC,0.5576027704558902
1069,3,VC,0.6352062772920888
1070,3,VC,0.6062850838878217
1071,3,VC,0.16035904932369627
1072,3,VC,0.9602318967117796
1073,3,VC,0.4009353696544647
1074,3,VC,1.7254526366752865
1075,3,VC,0.231765674919465
1076,3,VC,3.9485293435977336
1077,3,VC,0.20818380391361785
1078,3,VC,0.25073359218107866
1079,3,VC,0.865905183134075
1080,3,VC,0.888921540478985
1081,3,VC,3.6981294530628057
1082,3,VC,3.045010577515327
1083,3,VC,5.778376757207331
1084,3,VC,0.7645712836431899
1085,3,VC,0.7155934797685248
1086,3,VC,3.9161721107662912
1087,3,VC,1.6345298829790325
1088,3,VC,0.06908291819853403
1089,3,VC,0.01208444067698289
1090,3,VC,0.12172789424597115
1091,3,VC,0.6891178489963234
1092,3,VC,0.9887841084523792
1093,3,VC,0.15378832307159904
1094,3,VC,1.1527847841335706
1095,3,VC,0.7348330756796112
1096,3,VC,0.16977603907163855
1097,3,VC,0.6099547141029861
1098,3,VC,0.059020739721101674
1099,3,VC,1.4098722171898823
1100,3,VC,1.2287221126078924
1101,3,VC,0.7312184838816189
1102,3,VC,5.876434351322793
1103,3,VC,1.5252675512213398
1104,3,VC,0.9536082073967392
1105,3,VC,0.2942847268632647
1106,3,VC,0.8090767790986794
1107,3,VC,3.018500297472212
1108,3,VC,0.7368077942502549
1109,3,VC,0.7572739701160414
1110,3,VC,0.452670141266352
1111,3,VC,1.3054795188050063
1112,3,VC,0.32152106863709884
1113,3,VC,0.3961152622099573
1114,3,VC,0.2020494353786863
1115,3,VC,0.008625659598227748
1116,3,VC,4.076599271384756
1117,3,VC,4.093118870757226
1118,3,VC,0.12268210516589599
1119,3,VC,0.16200510833335896
1120,3,VC,0.20428474142311745
1121,3,VC,0.7677270686678836
1122,3,VC,1.971572002168578
1123,3,VC,0.5161939874042115
1124,3,VC,1.4679979154850538
1125,3,VC,1.7287625711938417
1126,3,VC,0.4834574015454136
1127,3,VC,0.25354046069700825
1128,3,VC,0.05286766691969148
1129,3,VC,2.7192684480775973
1130,3,VC,0.17170576754098388
1131,3,VC,0.5376074458808039
1132,3,VC,4.021966528190483
1133,3,VC,0.08015336501359739
1134,3,VC,1.5033794559244034
1135,3,VC,0.5397304283166245
1136,3,VC,0.0194443140433105
1137,3,VC,0.20723220558740624
1138,3,VC,0.460995270436491
1139,3,VC,0.006487975767634011
1140,3,VC,0.19182217833225074
1141,3,VC,0.6169714856692524
1142,3,VC,2.6825329351610816
1143,3,VC,0.5583263741796125
1144,3,VC,1.8445986808573889
1145,3,VC,0.5070888540875399
1146,3,VC,0.7537947144987126
1147,3,VC,0.31810022487609896
1148,3,VC,2.2321192774239123
1149,3,VC,2.642715528471096
1150,3,VC,6.183891036316731
1151,3,VC,0.00031744416558885204
1152,3,VC,6.3994410957219525
1153,3,VC,0.6851544473369627
1154,3,VC,0.06930047235497327
1155,3,VC,0.6995941268362603
1156,3,VC,3.8573491744978874
1157,3,VC,3.3311171869228855
1158,3,VC,6.474217319304727
1159,3,VC,1.2602359767042024
1160,3,VC,0.2962103609562278
1161,3,VC,0.5037345999746474
1162,3,VC,3.743590684924526
1163,3,VC,0.41449202254853224
1164,3,VC,0.0030645910749793628
1165,3,VC,0.008934181283747674
1166,3,VC,2.6688032363890435
1167,3,VC,1.9959384780464775
1168,3,VC,2.1358158545602675
1169,3,VC,1.1519145776874182
1170,3,VC,2.3033965179029634
1171,3,VC,2.5696511355880447
1172,3,VC,0.6091911734826533
1173,3,VC,0.13059676991260444
1174,3,VC,2.073895666756581
1175,3,VC,4.8720882431349
1176,3,VC,0.6224113803938313
1177,3,VC,0.05481647294329639
1178,3,VC,0.04169714033211986
1179,3,VC,1.1918692977495169
1180,3,VC,2.8060120860584328
1181,3,VC,0.665708948965185
1182,3,VC,1.793785071532932
1183,3,VC,0.005838848531848178
1184,3,VC,1.9800141228685195
1185,3,VC,3.2434922474767087
1186,3,VC,0.07264554705969567
1187,3,VC,1.5287253394209
1188,3,VC,1.9452354603800024
1189,3,VC,1.5048023306541978
1190,3,VC,1.320265288572816
1191,3,VC,1.277378100074806
1192,3,VC,1.4001780457250632
1193,3,VC,2.767045378945032
1194,3,VC,4.693240924890576
1195,3,VC,0.10917115915317713
1196,3,VC,0.2045137700236284
1197,3,VC,1.1587769614193022
1198,3,VC,1.8204767966228896
1199,3,VC,2.2077860892955408
1200,4,Buyout,0.8994005284000246
1201,4,Buyout,0.8939838812041678
1202,4,Buyout,1.4123117196193562
1203,4,Buyout,0.6000619796419578
1204,4,Buyout,1.4361749830846058
1205,4,Buyout,1.6668355422696628
1206,4,Buyout,0.15122675760955506
1207,4,Buyout,1.3844781180578276
1208,4,Buyout,0.839176560158172
1209,4,Buyout,0.4090034165969917
1210,4,Buyout,5.167558870499687
1211,4,Buyout,1.5783781191295156
1212,4,Buyout,0.5903392748576685
1213,4,Buyout,0.8800342934663562
1214,4,Buyout,1.5141753335877832
1215,4,Buyout,0.3779118420849427
1216,4,Buyout,0.6052516189298189
1217,4,Buyout,1.3944941992416342
1218,4,Buyout,2.247382387209767
1219,4,Buyout,2.8228050692809714
1220,4,Buyout,0.9534671282809866
1221,4,Buyout,0.2651215829515816
1222,4,Buyout,0.038294008609204004
1223,4,Buyout,0.07424921743266959
1224,4,Buyout,0.6007678013147655
1225,4,Buyout,0.9326500519351149
1226,4,Buyout,1.3273472853911017
1227,4,Buyout,0.1235781759471351
1228,4,Buyout,0.19220408279658768
1229,4,Buyout,3.0200071649345714
1230,4,Buyout,0.307010403440555
1231,4,Buyout,0.7705680385653262
1232,4,Buyout,0.7021504283955957
1233,4,Buyout,0.4109169311696045
1234,4,Buyout,0.6024598752439843
1235,4,Buyout,2.749747088493995
1236,4,Buyout,2.284069156628668
1237,4,Buyout,1.175287135935331
1238,4,Buyout,0.28681751487373514
1239,4,Buyout,3.4865961285736224
1240,4,Buyout,0.1602408126997253
1241,4,Buyout,1.8927695453372342
1242,4,Buyout,1.8144117195658376
1243,4,Buyout,0.3719857387110807
1244,4,Buyout,0.14963926700817298
1245,4,Buyout,0.9534827776585036
1246,4,Buyout,0.9521323726716016
1247,4,Buyout,1.1387866542866043
1248,4,Buyout,1.434006010094352
1249,4,Buyout,2.1465796289090275
1250,4,Buyout,0.22037552277472366
1251,4,Buyout,2.824958384632745
1252,4,Buyout,1.2994507200939849
1253,4,Buyout,0.5092808523942212
1254,4,Buyout,4.311388749913828
1255,4,Buyout,0.14577084223299902
1256,4,Buyout,0.6024057839521532
1257,4,Buyout,3.193567718981461
1258,4,Buyout,1.266375653407527
1259,4,Buyout,1.0544842690396494
1260,4,Buyout,0.39835953333391866
1261,4,Buyout,1.8312887304270056
1262,4,Buyout,1.4635384891412453
1263,4,Buyout,1.4203359084933351
1264,4,Buyout,3.0192694330396295
1265,4,Buyout,2.023889726476801
1266,4,Buyout,0.8291016729902007
1267,4,Buyout,0.6104679770466933
1268,4,Buyout,1.4165160223498066
1269,4,Buyout,0.28134349788332125
1270,4,Buyout,0.767067724812921
1271,4,Buyout,1.6886741997816384
1272,4,Buyout,0.8314178787647054
1273,4,Buyout,0.07943886210382942
1274,4,Buyout,0.09447800130902212
1275,4,Buyout,1.8617512166302728
1276,4,Buyout,0.6647187919723156
1277,4,Buyout,1.5001971921153687
1278,4,Buyout,1.2326826934906252
1279,4,Buyout,0.2000599670521037
1280,4,Buyout,0.2530525660677589
1281,4,Buyout,0.8807825155479656
1282,4,Buyout,1.6184697164122654
1283,4,Buyout,0.7726173323795746
1284,4,Buyout,2.0720407895381427
1285,4,Buyout,0.5855536864360951
1286,4,Buyout,0.4339540235217865
1287,4,Buyout,1.2557272596259028
1288,4,Buyout,0.8167149220823203
1289,4,Buyout,0.30181189107095835
1290,4,Buyout,1.3931315830500446
1291,4,Buyout,1.163206902472762
1292,4,Buyout,0.9287009984694464
1293,4,Buyout,0.9128353551037982
1294,4,Buyout,1.8694882749794275
1295,4,Buyout,0.16807180495875673
1296,4,Buyout,0.5701482913187002
1297,4,Buyout,0.7572271209532337
1298,4,Buyout,0.5022579241719943
1299,4,Buyout,0.5260328166647253
1300,4,Buyout,1.5941197918737022
1301,4,Buyout,1.3978934287442475
1302,4,Buyout,0.7068914663853962
1303,4,Buyout,2.5349449101570203
1304,4,Buyout,0.2545560119158823
1305,4,Buyout,0.5311907854827502
1306,4,Buyout,0.05384514294148148
1307,4,Buyout,0.31765699505522993
1308,4,Buyout,0.5934034594094716
1309,4,Buyout,0.4081338184584581
1310,4,Buyout,0.6394408340104165
1311,4,Buyout,0.2101741113550746
1312,4,Buyout,1.4776293407810774
1313,4,Buyout,2.9557067086771185
1314,4,Buyout,2.75890930916464
1315,4,Buyout,0.3449746047781357
1316,4,Buyout,1.1587603299205191
1317,4,Buyout,1.8839752341106195
1318,4,Buyout,0.17702291947186047
1319,4,Buyout,1.4917752621133642
1320,4,Buyout,0.21291690226209176
1321,4,Buyout,0.8582676986142845
1322,4,Buyout,1.4511238585444934
1323,4,Buyout,2.5833833071735657
1324,4,Buyout,0.3313135815229465
1325,4,Buyout,0.5378417155468952
1326,4,Buyout,0.4423141920777711
1327,4,Buyout,0.038334641199462394
1328,4,Buyout,1.5656261845486206
1329,4,Buyout,0.6735441031814589
1330,4,Buyout,0.5859812518111075
1331,4,Buyout,0.4826221849544715
1332,4,Buyout,1.8309885953719045
1333,4,Buyout,0.7673007297002173
1334,4,Buyout,1.1616277117366598
1335,4,Buyout,1.4328442210867705
1336,4,Buyout,0.3088536292197889
1337,4,Buyout,2.58964256102902
1338,4,Buyout,1.4533349504250377
1339,4,Buyout,2.0594911394339577
1340,4,Buyout,0.4932280548965625
1341,4,Buyout,1.034028737943882
1342,4,Buyout,1.0193284430700575
1343,4,Buyout,0.9929154556578073
1344,4,Buyout,1.1050603305178492
1345,4,Buyout,2.955321080163644
1346,4,Buyout,0.7187929065863914
1347,4,Buyout,0.6191653472611416
1348,4,Buyout,1.2781783725881424
1349,4,Buyout,0.029274269097040367
1350,4,Buyout,0.10026734413640807
1351,4,Buyout,0.1869601839463496
1352,4,Buyout,1.7798555408092052
1353,4,Buyout,1.1922621977429746
1354,4,Buyout,0.04757285173671864
1355,4,Buyout,0.9653499684464194
1356,4,Buyout,0.9358525202398588
1357,4,Buyout,0.12922382658472406
1358,4,Buyout,0.5646166848665689
1359,4,Buyout,0.9651689357759522
1360,4,Buyout,0.8801668212702422
1361,4,Buyout,3.072508751243083
1362,4,Buyout,0.8515979927293069
1363,4,Buyout,0.28365434203579665
1364,4,Buyout,0.3750087754389012
1365,4,Buyout,0.7618758056237622
1366,4,Buyout,0.8441840288701075
1367,4,Buyout,1.6694693611754177
1368,4,Buyout,1.9013168321268
1369,4,Buyout,0.3069924797848671
1370,4,Buyout,0.605485759120081
1371,4,Buyout,1.2091881281237888
1372,4,Buyout,1.6003978414784588
1373,4,Buyout,0.5684785063068776
1374,4,Buyout,4.44779785669947
1375,4,Buyout,1.1389799023410248
1376,4,Buyout,1.459454933101086
1377,4,Buyout,2.0561920440803125
1378,4,Buyout,0.3424703606440653
1379,4,Buyout,0.29801307769038804
1380,4,Buyout,0.33650779941168657
1381,4,Buyout,1.0623280575067555
1382,4,Buyout,1.5507440957737857
1383,4,Buyout,0.9609331687786102
1384,4,Buyout,0.6260370456772582
1385,4,Buyout,0.11453329798070888
1386,4,Buyout,1.410630381395639
1387,4,Buyout,1.4603766219769254
1388,4,Buyout,0.016267615403819515
1389,4,Buyout,1.69525969828058
1390,4,Buyout,1.7909211537071672
1391,4,Buyout,4.10683254992214
1392,4,Buyout,3.657953969670981
1393,4,Buyout,3.0577694228584016
1394,4,Buyout,1.4198581665415773
1395,4,Buyout,1.2090577370040372
1396,4,Buyout,0.238575659993752
1397,4,Buyout,0.08041177253455366
1398,4,Buyout,1.2058712198122212
1399,4,Buyout,0.8139674689283714
1400,4,VC,1.9907635109758033
1401,4,VC,0.22084301785388136
1402,4,VC,0.36122509004695
1403,4,VC,0.17636332268203125
1404,4,VC,0.0381215111614631
1405,4,VC,0.6807160742766891
1406,4,VC,0.922504763801354
1407,4,VC,1.3048915208941758
1408,4,VC,2.4764977230776264
1409,4,VC,0.14059176376676302
1410,4,VC,0.10796073050429544
1411,4,VC,1.3257556710146203
1412,4,VC,6.3542547350810805
1413,4,VC,0.3418991195037467
1414,4,VC,0.4862954378931451
1415,4,VC,0.028746039049820205
1416,4,VC,2.5686908405126654
1417,4,VC,3.8714945874513655
1418,4,VC,0.853552164482138
1419,4,VC,0.053933388344009195
1420,4,VC,1.3965045301755068
1421,4,VC,0.3754062788018415
1422,4,VC,0.33002974712440875
1423,4,VC,0.18315484687742692
1424,4,VC,0.529670396698586
1425,4,VC,2.8428189359677067
1426,4,VC,0.2918566949306381
1427,4,VC,3.3230817464015647
1428,4,VC,0.37414735430550494
1429,4,VC,4.65570964574678
1430,4,VC,0.06747486410226358
1431,4,VC,0.05318986910446905
1432,4,VC,0.025429612503549158
1433,4,VC,0.07651341893857119
1434,4,VC,0.5302110172773179
1435,4,VC,4.5311410259298155
1436,4,VC,4.874500960489736
1437,4,VC,0.2034919445013393
1438,4,VC,3.5867740156062724
1439,4,VC,0.2791196854675094
1440,4,VC,0.2622622143411995
1441,4,VC,0.01516698396978796
1442,4,VC,0.13493249137583152
1443,4,VC,0.10867031373199043
1444,4,VC,0.18988574384507553
1445,4,VC,0.09274014265995459
1446,4,VC,2.724229698628488
1447,4,VC,5.0276086908189175
1448,4,VC,0.003032140708160738
1449,4,VC,0.5515393446998949
1450,4,VC,0.06133282911870421
1451,4,VC,0.3975344930134205
1452,4,VC,1.3829580142057698
1453,4,VC,0.6156887205673967
1454,4,VC,0.0057688043916564605
1455,4,VC,4.068230986443601
1456,4,VC,0.30187823642923106
1457,4,VC,1.7357159665605133
1458,4,VC,0.3164349770760256
1459,4,VC,1.8617419885194024
1460,4,VC,0.1235192081286028
1461,4,VC,1.4671023023977408
1462,4,VC,2.0005411320999307
1463,4,VC,0.1404980202648129
1464,4,VC,0.0842884909176784
1465,4,VC,1.16547317049107
1466,4,VC,0.05618876575721866
1467,4,VC,3.3514433689278422
1468,4,VC,0.5433937565315676
1469,4,VC,0.35828103900771463
1470,4,VC,0.011612013054205231
1471,4,VC,0.03458757274374253
1472,4,VC,2.449955307011657
1473,4,VC,1.5542306051852677
1474,4,VC,0.016460116567859086
1475,4,VC,0.08247370540020135
1476,4,VC,0.3376485137726823
1477,4,VC,0.2192545165902926
1478,4,VC,3.4787322659967463
1479,4,VC,1.3652973569923998
1480,4,VC,0.972632979309828
1481,4,VC,0.17850905647803042
1482,4,VC,0.21728681426355625
1483,4,VC,0.17864105082763135
1484,4,VC,2.123218408579156
1485,4,VC,0.007524938593781655
1486,4,VC,0.25124015939393546
1487,4,VC,0.8386362276462247
1488,4,VC,1.3129928894263592
1489,4,VC,0.030862980672685638
1490,4,VC,0.3885548966930533
1491,4,VC,0.3815223791137951
1492,4,VC,1.2942520788549488
1493,4,VC,0.0891455644130619
1494,4,VC,0.246733679381464
1495,4,VC,1.936633939551068
1496,4,VC,0.4566336421989918
1497,4,VC,0.223534072448835
1498,4,VC,0.6477438358660104
1499,4,VC,0.037790583817120416
1500,4,VC,4.508173720599512
1501,4,VC,6.748680518143878
1502,4,VC,0.08045406634251874
1503,4,VC,4.916844688631374
1504,4,VC,0.037616881522144735
1505,4,VC,4.3741400617965
1506,4,VC,0.4060972325491689
1507,4,VC,3.1451419902983018
1508,4,VC,0.07031387696518722
1509,4,VC,0.2680902836743158
1510,4,VC,4.080497835236634
1511,4,VC,0.12780696677830325
1512,4,VC,0.3666689871077727
1513,4,VC,0.7582335354868515
1514,4,VC,1.3181403108299137
1515,4,VC,2.1370342901744364
1516,4,VC,0.00813996147430767
1517,4,VC,0.04691036252403101
1518,4,VC,1.294481772318718
1519,4,VC,2.078691929023184
1520,4,VC,0.1338015426069975
1521,4,VC,0.015573330632293181
1522,4,VC,2.269600966913913
1523,4,VC,1.4564305682079404
1524,4,VC,2.8937281006435285
1525,4,VC,0.6026090423475805
1526,4,VC,0.4132325724426725
1527,4,VC,1.5052074680723164
1528,4,VC,4.426255009301135
1529,4,VC,1.0310431386160963
1530,4,VC,0.20634424874828816
1531,4,VC,0.5738769008597902
1532,4,VC,0.3057502696869749
1533,4,VC,9.500336597674671
1534,4,VC,0.14017827746670306
1535,4,VC,1.4601612193132891
1536,4,VC,2.154829154112475
1537,4,VC,0.13317022965411618
1538,4,VC,0.6809906474109825
1539,4,VC,1.2228424144494
1540,4,VC,0.3268307959545751
1541,4,VC,1.1418893176660203
1542,4,VC,0.0611833269903722
1543,4,VC,0.18776636493416224
1544,4,VC,3.578971492040456
1545,4,VC,0.3857873285056054
1546,4,VC,1.0515981383847002
1547,4,VC,1.9590518410610347
1548,4,VC,1.408032002232653
1549,4,VC,0.003595783735920445
1550,4,VC,2.570563226126663
1551,4,VC,0.2672569027965592
1552,4,VC,0.13653134554835838
1553,4,VC,4.849075507387582
1554,4,VC,0.9811940218373147
1555,4,VC,4.497331908758191
1556,4,VC,1.2023046171727994
1557,4,VC,2.396543027334188
1558,4,VC,0.04208686709250916
1559,4,VC,1.9030555960625288
1560,4,VC,3.36961576051281
1561,4,VC,0.18795399386557265
1562,4,VC,1.066088407801654
1563,4,VC,8.133905507038508
1564,4,VC,2.3957494744479666
1565,4,VC,0.38041470071240013
1566,4,VC,1.1322068170878992
1567,4,VC,1.7645137708433527
1568,4,VC,0.116093785169713
1569,4,VC,1.3049537448042587
1570,4,VC,0.8325825846707469
1571,4,VC,0.11275322878354678
1572,4,VC,0.7358433720960242
1573,4,VC,1.7050826292490064
1574,4,VC,0.19407395148810114
1575,4,VC,3.1211424205536207
1576,4,VC,0.1272515709829114
1577,4,VC,0.6926792848376856
1578,4,VC,0.7441895346751064
1579,4,VC,0.9688661771497176
1580,4,VC,2.850538588312161
1581,4,VC,0.11012578716384304
1582,4,VC,2.5256314339866535
1583,4,VC,1.3810133011873886
1584,4,VC,3.195465899608801
1585,4,VC,0.5786832099473841
1586,4,VC,0.7741888544480614
1587,4,VC,0.005243556446131047
1588,4,VC,0.09969636406282685
1589,4,VC,0.007422708051936115
1590,4,VC,0.09235526793548118
1591,4,VC,0.3072433540547915
1592,4,VC,1.4976593608321982
1593,4,VC,1.411818679534394
1594,4,VC,1.2999296644018743
1595,4,VC,2.1861465312149844
1596,4,VC,1.32776139957377
1597,4,VC,0.42538550524261454
1598,4,VC,2.488436832436523
1599,4,VC,0.008291087649305154
1600,5,Buyout,0.7268749161672512
1601,5,Buyout,0.0020252972585822074
1602,5,Buyout,0.3527262041024403
1603,5,Buyout,0.509376198472592
1604,5,Buyout,1.1781405919291397
1605,5,Buyout,1.483066163183823
1606,5,Buyout,0.43076814651977896
1607,5,Buyout,2.0068685977129666
1608,5,Buyout,2.8399575312150716
1609,5,Buyout,0.22322496430812455
1610,5,Buyout,8.67477370341316
1611,5,Buyout,0.9941408263899701
1612,5,Buyout,3.196983753309367
1613,5,Buyout,1.9788487169706144
1614,5,Buyout,2.741344322753787
1615,5,Buyout,0.32923605598731553
1616,5,Buyout,1.8489449715582345
1617,5,Buyout,1.8016544932918048
1618,5,Buyout,1.679009570196102
1619,5,Buyout,2.4641028569300407
1620,5,Buyout,1.1958828822586234
1621,5,Buyout,0.5421206317827946
1622,5,Buyout,0.5924250768643705
1623,5,Buyout,1.7380513893219032
1624,5,Buyout,0.02111018378746983
1625,5,Buyout,1.050906002282084
1626,5,Buyout,1.1778466187362346
1627,5,Buyout,2.564354530087063
1628,5,Buyout,1.9788922940725449
1629,5,Buyout,2.6872299479968147
1630,5,Buyout,1.5927705993182986
1631,5,Buyout,1.0117202151649929
1632,5,Buyout,0.7425156884395966
1633,5,Buyout,0.35766025459878725
1634,5,Buyout,0.3066920972113255
1635,5,Buyout,1.4208040082271665
1636,5,Buyout,0.6214524602744294
1637,5,Buyout,4.1820617369139255
1638,5,Buyout,0.4666938908193066
1639,5,Buyout,1.9186120878316184
1640,5,Buyout,0.994198735576445
1641,5,Buyout,0.5625716872314682
1642,5,Buyout,0.15377952165335973
1643,5,Buyout,0.6260224938893658
1644,5,Buyout,1.565249648887573
1645,5,Buyout,2.050959765143136
1646,5,Buyout,0.1889052512546395
1647,5,Buyout,0.4796486918456843
1648,5,Buyout,1.546013924587882
1649,5,Buyout,0.9685191156267012
1650,5,Buyout,0.39556260268323906
1651,5,Buyout,2.1527669361147654
1652,5,Buyout,1.5699368148846815
1653,5,Buyout,0.27755642458606355
1654,5,Buyout,2.630630960860099
1655,5,Buyout,1.5900087305439814
1656,5,Buyout,1.1132106271731177
1657,5,Buyout,0.045145192415966776
1658,5,Buyout,1.1800397393883568
1659,5,Buyout,1.7857994900611125
1660,5,Buyout,0.18115830629772264
1661,5,Buyout,2.1028649432562854
1662,5,Buyout,0.22644085281346424
1663,5,Buyout,0.7994808104139443
1664,5,Buyout,0.13911819386765228
1665,5,Buyout,0.884108037509688
1666,5,Buyout,0.3000498062228188
1667,5,Buyout,0.10692890189315866
1668,5,Buyout,0.4458984674442272
1669,5,Buyout,1.9824000773232529
1670,5,Buyout,3.2027715663012506
1671,5,Buyout,0.4729182355892887
1672,5,Buyout,1.120417150686583
1673,5,Buyout,1.2599085630374856
1674,5,Buyout,0.6790576102327681
1675,5,Buyout,0.07242442304551262
1676,5,Buyout,0.7398638059298813
1677,5,Buyout,0.06651652417180345
1678,5,Buyout,0.43966885464429184
1679,5,Buyout,0.5932062514422366
1680,5,Buyout,2.011377413048136
1681,5,Buyout,1.9022226184853
1682,5,Buyout,0.6865779354927336
1683,5,Buyout,0.5569244288406784
1684,5,Buyout,0.6386974980202291
1685,5,Buyout,1.0419211497854164
1686,5,Buyout,0.3600987784778913
1687,5,Buyout,0.13278799546528464
1688,5,Buyout,1.7070436279038133
1689,5,Buyout,6.478249652374784
1690,5,Buyout,1.7405330412686677
1691,5,Buyout,0.9184652845302084
1692,5,Buyout,0.6662106245657197
1693,5,Buyout,2.400375259720376
1694,5,Buyout,1.0730196843447697
1695,5,Buyout,1.007196716378228
1696,5,Buyout,0.02204470489455809
1697,5,Buyout,0.3052356608356788
1698,5,Buyout,0.03806912583565604
1699,5,Buyout,1.7336516879521595
1700,5,Buyout,0.008175266045080927
1701,5,Buyout,0.15517714940544267
1702,5,Buyout,1.28450758815251
1703,5,Buyout,0.7318638004625598
1704,5,Buyout,1.0466901394552812
1705,5,Buyout,1.3552740621998547
1706,5,Buyout,2.007039576397663
1707,5,Buyout,0.5932111202588313
1708,5,Buyout,0.0655471473875917
1709,5,Buyout,0.20672269097122864
1710,5,Buyout,1.1491683631002578
1711,5,Buyout,0.6460191505590216
1712,5,Buyout,0.4186052724734664
1713,5,Buyout,1.81316992617934
1714,5,Buyout,0.966846558286617
1715,5,Buyout,0.6946866917660012
1716,5,Buyout,1.1179066728926752
1717,5,Buyout,2.9023071832019776
1718,5,Buyout,0.028394477952394317
1719,5,Buyout,3.55463371461121
1720,5,Buyout,0.8535243389774541
1721,5,Buyout,0.1976351904553401
1722,5,Buyout,0.22696923020584026
1723,5,Buyout,0.5587947187046651
1724,5,Buyout,1.7093800805514994
1725,5,Buyout,0.4182356420898589
1726,5,Buyout,1.8803539730894243
1727,5,Buyout,0.4836060129554751
1728,5,Buyout,1.0298890618727596
1729,5,Buyout,0.3949743564908768
1730,5,Buyout,0.8741878343286499
1731,5,Buyout,2.1015009543275776
1732,5,Buyout,0.5295327568118903
1733,5,Buyout,2.1346828701254883
1734,5,Buyout,0.9788754532585316
1735,5,Buyout,0.28755330963065023
1736,5,Buyout,0.5725871942309282
1737,5,Buyout,0.9624132596003117
1738,5,Buyout,1.2483370220871877
1739,5,Buyout,0.1291335728998701
1740,5,Buyout,0.6622382407496012
1741,5,Buyout,2.987324049353949
1742,5,Buyout,1.374559280505094
1743,5,Buyout,0.41148800133316416
1744,5,Buyout,0.7578911899475957
1745,5,Buyout,0.5021826951972952
1746,5,Buyout,1.0147633632394513
1747,5,Buyout,0.9644929883303724
1748,5,Buyout,3.080130894052421
1749,5,Buyout,0.3141565879834647
1750,5,Buyout,1.3169277712315437
1751,5,Buyout,0.3763968673442909
1752,5,Buyout,0.7546982990358738
1753,5,Buyout,2.1797949006197648
1754,5,Buyout,1.4060060704760853
1755,5,Buyout,0.64974243838045
1756,5,Buyout,0.4811081558545093
1757,5,Buyout,0.049848258544465375
1758,5,Buyout,1.199844049129122
1759,5,Buyout,1.3501738856865375
1760,5,Buyout,1.0808700043504955
1761,5,Buyout,1.4904544926483396
1762,5,Buyout,1.275303842078631
1763,5,Buyout,0.20851681357008925
1764,5,Buyout,0.34292610580967814
1765,5,Buyout,0.5210765461021257
1766,5,Buyout,2.0090019150143887
1767,5,Buyout,0.7246292674450328
1768,5,Buyout,0.17257002649085226
1769,5,Buyout,0.7906109667270078
1770,5,Buyout,0.737754750033857
1771,5,Buyout,0.9084180205993287
1772,5,Buyout,2.7370800659245766
1773,5,Buyout,1.0659956999868117
1774,5,Buyout,0.055719124068484976
1775,5,Buyout,0.4512011628861198
1776,5,Buyout,0.15961940088311904
1777,5,Buyout,1.4063217180628913
1778,5,Buyout,0.37983504190019496
1779,5,Buyout,1.1219653774195486
1780,5,Buyout,1.077739727615564
1781,5,Buyout,0.021682660233291445
1782,5,Buyout,0.5471579992347901
1783,5,Buyout,0.8117882425779062
1784,5,Buyout,0.028711870633498587
1785,5,Buyout,1.6960949157109462
1786,5,Buyout,1.8887377157052287
1787,5,Buyout,1.8889235802875368
1788,5,Buyout,1.2685888448400695
1789,5,Buyout,0.20977154882973648
1790,5,Buyout,1.3616287662021451
1791,5,Buyout,0.5683979691683526
1792,5,Buyout,0.9156885425595188
1793,5,Buyout,0.6956903064851433
1794,5,Buyout,1.6217505468393356
1795,5,Buyout,0.6742215242760224
1796,5,Buyout,0.8965831952622618
1797,5,Buyout,0.11232465280806857
1798,5,Buyout,0.856948975388991
1799,5,Buyout,2.2940274134229037
1800,5,VC,0.18823967216311727
1801,5,VC,0.02028970579225447
1802,5,VC,0.0007854413991841053
1803,5,VC,0.3418674376727712
1804,5,VC,0.10727083563017677
1805,5,VC,2.923489933876747
1806,5,VC,0.3301581986375676
1807,5,VC,0.3362014350931489
1808,5,VC,0.2353830342754317
1809,5,VC,0.4147687084963863
1810,5,VC,0.3556393654184086
1811,5,VC,0.3342986139890693
1812,5,VC,0.6243782118191838
1813,5,VC,0.031643107820542464
1814,5,VC,0.961699670825499
1815,5,VC,1.7521279961097422
1816,5,VC,0.8236518387047634
1817,5,VC,0.2639575782540228
1818,5,VC,0.8426138043499058
1819,5,VC,1.0826016732802173
1820,5,VC,0.22748665011351846
1821,5,VC,1.3602015488009207
1822,5,VC,0.4500504407882788
1823,5,VC,0.4481610600075897
1824,5,VC,5.3005512249407625
1825,5,VC,0.7441861353079346
1826,5,VC,2.3537318286819087
1827,5,VC,0.2915702420398432
1828,5,VC,1.3506479698438707
1829,5,VC,0.4806677254293638
1830,5,VC,2.018576857154625
1831,5,VC,0.2499333843418417
1832,5,VC,0.29617615158361565
1833,5,VC,0.016336239679219582
1834,5,VC,1.6415787789326215
1835,5,VC,0.0935088222531192
1836,5,VC,9.17385658170602
1837,5,VC,0.029127668753494724
1838,5,VC,0.12463922923566376
1839,5,VC,2.234740488915981
1840,5,VC,0.5600159762044356
1841,5,VC,0.18366784374869244
1842,5,VC,0.34779835946854865
1843,5,VC,0.2409996332439361
1844,5,VC,0.055701770124133125
1845,5,VC,2.281023316057541
1846,5,VC,0.09473661283988707
1847,5,VC,0.15630030418504706
1848,5,VC,1.6773365364681243
1849,5,VC,0.0037400463548738654
1850,5,VC,0.4825556552674751
1851,5,VC,3.0766004740678565
1852,5,VC,0.4991688263957956
1853,5,VC,0.12803115794074593
1854,5,VC,0.6839227743276766
1855,5,VC,5.229074344047548
1856,5,VC,0.7309654411443808
1857,5,VC,0.03838828179450909
1858,5,VC,1.6190442716283768
1859,5,VC,1.8985991425488016
1860,5,VC,0.016356348520489675
1861,5,VC,2.5920487267922656
1862,5,VC,0.13618467017669686
1863,5,VC,1.1346826207657492
1864,5,VC,6.559451679683831
1865,5,VC,1.7008802961832925
1866,5,VC,2.6348097470997014
1867,5,VC,0.5492037976022933
1868,5,VC,0.1818279425458723
1869,5,VC,0.2438192848587855
1870,5,VC,10.41950078274477
1871,5,VC,0.34090496949812416
1872,5,VC,0.16114744412967585
1873,5,VC,3.7652389625392
1874,5,VC,0.07867241069297554
1875,5,VC,0.786204815664543
1876,5,VC,0.6364787212540052
1877,5,VC,0.116802270782455
1878,5,VC,0.40965838412936
1879,5,VC,1.1200993923186304
1880,5,VC,1.2309438696962949
1881,5,VC,0.13061449513308535
1882,5,VC,1.8730344848478944
1883,5,VC,0.5830299989893832
1884,5,VC,1.6060900534249651
1885,5,VC,1.2491960672955855
1886,5,VC,1.7996868650424596
1887,5,VC,0.036508219082075036
1888,5,VC,5.714097456692966
1889,5,VC,4.5557085896377005
1890,5,VC,0.44327827460949976
1891,5,VC,1.3762871427886358
1892,5,VC,0.3475741906093858
1893,5,VC,0.5464961062570505
1894,5,VC,0.3997992646321059
1895,5,VC,0.3199446374896092
1896,5,VC,0.24445500465368086
1897,5,VC,2.692298543756872
1898,5,VC,0.5064669279279457
1899,5,VC,0.07166722945561532
1900,5,VC,0.6150336431491937
1901,5,VC,0.16409790940223154
1902,5,VC,0.6552445333103554
1903,5,VC,1.19561669127989
1904,5,VC,0.06121765492570529
1905,5,VC,0.9051749955834676
1906,5,VC,0.1207488947120104
1907,5,VC,0.187361821963679
1908,5,VC,1.4876364410448386
1909,5,VC,3.523266289566413
1910,5,VC,0.003831561661461396
1911,5,VC,6.0340980617798845
1912,5,VC,0.06623694558845876
1913,5,VC,0.2668116163396965
1914,5,VC,0.7515106842731517
1915,5,VC,0.3215818886949401
1916,5,VC,0.030926983483802118
1917,5,VC,0.31326332668955914
1918,5,VC,6.815317477420968
1919,5,VC,0.006986499473579822
1920,5,VC,0.13006163454092898
1921,5,VC,0.5477729193579794
1922,5,VC,0.0034871551847664994
1923,5,VC,0.06385347865210321
1924,5,VC,2.520259072503148
1925,5,VC,1.4655308659620236
1926,5,VC,2.127655388785429
1927,5,VC,4.582410475550204
1928,5,VC,0.2772553025471071
1929,5,VC,2.4244963577373784
1930,5,VC,3.2154286511051104
1931,5,VC,0.6262515670027502
1932,5,VC,0.12893004509310865
1933,5,VC,1.8102706573432317
1934,5,VC,0.1735745217394742
1935,5,VC,0.3817143240376372
1936,5,VC,0.03537842484192265
1937,5,VC,0.19744120602465395
1938,5,VC,2.7143717076564555
1939,5,VC,0.409173605326742
1940,5,VC,3.625869599744128
1941,5,VC,1.5555363757532898
1942,5,VC,0.05985243274235584
1943,5,VC,6.6638331202638685
1944,5,VC,1.4289766042602106
1945,5,VC,0.03429296503431858
1946,5,VC,0.005744605920433057
1947,5,VC,0.6935168847599551
1948,5,VC,7.624255986860834
1949,5,VC,1.8831788773661085
1950,5,VC,0.0168668778577003
1951,5,VC,0.00416645889009106
1952,5,VC,0.25693797116490025
1953,5,VC,0.0023768442670034054
1954,5,VC,1.2672918431835858
1955,5,VC,0.026043762979306467
1956,5,VC,0.3472099697720629
1957,5,VC,1.8751338307456984
1958,5,VC,0.07852742038848852
1959,5,VC,0.0182172471674048
1960,5,VC,1.2876108996019464
1961,5,VC,0.8871298670487682
1962,5,VC,1.0847939466911116
1963,5,VC,0.6401238199423228
1964,5,VC,1.7791057447005647
1965,5,VC,0.2620441763380487
1966,5,VC,0.07759895641869256
1967,5,VC,4.271542557711649
1968,5,VC,0.00932311999038858
1969,5,VC,0.4324800632518427
1970,5,VC,0.05402911875782118
1971,5,VC,0.06558151949516235
1972,5,VC,0.3375013042980064
1973,5,VC,0.750692271296707
1974,5,VC,0.05981803884398641
1975,5,VC,1.0307109584086518
1976,5,VC,2.4310298267033152
1977,5,VC,0.36846072896896576
1978,5,VC,7.02581388893921
1979,5,VC,0.3715735737608057
1980,5,VC,1.6123871878389662
1981,5,VC,1.1278621234504975
1982,5,VC,1.54040261217712
1983,5,VC,0.3802648737429341
1984,5,VC,0.02137830208809266
1985,5,VC,1.5408589810148603
1986,5,VC,0.8683693610447651
1987,5,VC,2.549206118997544
1988,5,VC,1.882589787848896
1989,5,VC,0.19000892385935364
1990,5,VC,0.09737096696237192
1991,5,VC,0.0009675500290133623
1992,5,VC,5.345134790960492
1993,5,VC,0.04661596597043091
1994,5,VC,0.06881819564327027
1995,5,VC,0.3732204060654171
1996,5,VC,1.4204364889390382
1997,5,VC,0.7871095335960344
1998,5,VC,1.063147015956197
1999,5,VC,0.03587952223728615
2000,6,Buyout,1.076908000265604
2001,6,Buyout,1.892850296916404
2002,6,Buyout,0.8175888563676867
2003,6,Buyout,2.449305159268184
2004,6,Buyout,1.4623858526864355
2005,6,Buyout,0.15976880367312418
2006,6,Buyout,0.09889285416066321
2007,6,Buyout,1.4746654637395404
2008,6,Buyout,1.0342224103072517
2009,6,Buyout,1.439244864605575
2010,6,Buyout,0.7993583906685565
2011,6,Buyout,0.14633105307924554
2012,6,Buyout,0.08828464512135618
2013,6,Buyout,1.8998924491983653
2014,6,Buyout,0.21604365054859986
2015,6,Buyout,0.1820798469809204
2016,6,Buyout,0.20175825759107707
2017,6,Buyout,2.548575795565544
2018,6,Buyout,2.7368239576310103
2019,6,Buyout,0.23701061742520896
2020,6,Buyout,0.6843417944752233
2021,6,Buyout,3.5506834226491266
2022,6,Buyout,0.3866108177169838
2023,6,Buyout,3.6422352901928257
2024,6,Buyout,0.18674406722157624
2025,6,Buyout,0.3863269688626929
2026,6,Buyout,0.17793090385875596
2027,6,Buyout,0.09266702272459182
2028,6,Buyout,0.5227060949889192
2029,6,Buyout,0.4914659122358118
2030,6,Buyout,1.6456572050827638
2031,6,Buyout,0.7142565258974001
2032,6,Buyout,3.5237121971496714
2033,6,Buyout,1.7974194743956975
2034,6,Buyout,0.6349095540790286
2035,6,Buyout,0.13430553629542574
2036,6,Buyout,0.8799191961253745
2037,6,Buyout,0.3032830840161061
2038,6,Buyout,0.8195428510087549
2039,6,Buyout,0.6413340471065347
2040,6,Buyout,1.3413033964901842
2041,6,Buyout,2.099271928983333
2042,6,Buyout,1.2547298006786052
2043,6,Buyout,0.3701845962516372
2044,6,Buyout,1.0571436516710293
2045,6,Buyout,2.082152334294472
2046,6,Buyout,0.4040494542219472
2047,6,Buyout,0.9536638056410792
2048,6,Buyout,0.30287155038378355
2049,6,Buyout,1.5383050678885068
2050,6,Buyout,0.993675445867202
2051,6,Buyout,0.001791863590426877
2052,6,Buyout,0.18370152841260406
2053,6,Buyout,0.9101244409937193
2054,6,Buyout,0.6810732520215476
2055,6,Buyout,1.3969910383553
2056,6,Buyout,3.5326254372745525
2057,6,Buyout,0.5465547165838406
2058,6,Buyout,0.5642414952213506
2059,6,Buyout,2.948353613028509
2060,6,Buyout,0.17660513144164686
2061,6,Buyout,3.124306127438901
2062,6,Buyout,0.34217147255639235
2063,6,Buyout,0.655890097279204
2064,6,Buyout,1.557210488395882
2065,6,Buyout,0.8170862312512269
2066,6,Buyout,0.22355897073199585
2067,6,Buyout,0.5825446267551025
2068,6,Buyout,1.2442566996931692
2069,6,Buyout,0.3055526142065579
2070,6,Buyout,0.17308839848989874
2071,6,Buyout,0.15191673366058753
2072,6,Buyout,0.3006143373656452
2073,6,Buyout,1.3343114210832692
2074,6,Buyout,0.6342908123808978
2075,6,Buyout,2.181052003797436
2076,6,Buyout,1.944113937007996
2077,6,Buyout,1.3158117022084674
2078,6,Buyout,0.5591192633634319
2079,6,Buyout,4.324409813038487
2080,6,Buyout,0.5095262555680005
2081,6,Buyout,0.9579058126254146
2082,6,Buyout,1.7959592917513687
2083,6,Buyout,0.7554290615500195
2084,6,Buyout,1.1924122285116958
2085,6,Buyout,0.575312839372705
2086,6,Buyout,0.6813321516437607
2087,6,Buyout,0.6551126924416282
2088,6,Buyout,0.18766003157956607
2089,6,Buyout,0.6878596911079792
2090,6,Buyout,0.9187330804099088
2091,6,Buyout,0.2933477769867699
2092,6,Buyout,0.5530590708207713
2093,6,Buyout,0.7025590610842918
2094,6,Buyout,0.2625597230208065
2095,6,Buyout,0.35895873750140883
2096,6,Buyout,1.5228325038684498
2097,6,Buyout,2.126994099273743
2098,6,Buyout,0.44453632453557945
2099,6,Buyout,0.3537310072393925
2100,6,Buyout,0.6855263841070977
2101,6,Buyout,1.6553134231172952
2102,6,Buyout,3.5341765947511536
2103,6,Buyout,0.5369225137719889
2104,6,Buyout,1.448442492120671
2105,6,Buyout,1.7300795597324885
2106,6,Buyout,3.2026569434639316
2107,6,Buyout,2.269108339963994
2108,6,Buyout,0.18405142960399745
2109,6,Buyout,2.349970094487361
2110,6,Buyout,2.3442915008672087
2111,6,Buyout,0.8152989676050727
2112,6,Buyout,0.6948745261145838
2113,6,Buyout,0.02795053724935856
2114,6,Buyout,1.9551984814929853
2115,6,Buyout,0.754534583831927
2116,6,Buyout,2.0168304327971103
2117,6,Buyout,0.6073643907708686
2118,6,Buyout,0.11789661239490035
2119,6,Buyout,2.468315531324762
2120,6,Buyout,0.19355893364776772
2121,6,Buyout,0.5218741995362691
2122,6,Buyout,0.4901385860239096
2123,6,Buyout,1.7768902803069482
2124,6,Buyout,0.9295395214571266
2125,6,Buyout,0.5207311033414357
2126,6,Buyout,1.4435092777685965
2127,6,Buyout,1.2798015249260724
2128,6,Buyout,0.5161529399629087
2129,6,Buyout,0.06897010852589885
2130,6,Buyout,0.623697636849012
2131,6,Buyout,0.3390565382407562
2132,6,Buyout,0.0273609982299653
2133,6,Buyout,1.3369251811423746
2134,6,Buyout,1.2108234676087146
2135,6,Buyout,0.5442494657260931
2136,6,Buyout,1.6437898986094064
2137,6,Buyout,1.378853106155698
2138,6,Buyout,0.07758193195998345
2139,6,Buyout,0.21443478999550208
2140,6,Buyout,0.33652463203842875
2141,6,Buyout,0.7412968079562421
2142,6,Buyout,2.6312189147159235
2143,6,Buyout,1.2550010185652305
2144,6,Buyout,4.41799399497691
2145,6,Buyout,1.4192101026254376
2146,6,Buyout,2.118153157733508
2147,6,Buyout,0.7675257687428918
2148,6,Buyout,0.8341575614494261
2149,6,Buyout,0.007500417385341271
2150,6,Buyout,1.306574394275519
2151,6,Buyout,2.008966767708804
2152,6,Buyout,2.2879353595923426
2153,6,Buyout,1.228331447476033
2154,6,Buyout,1.573091566238746
2155,6,Buyout,1.979301572583488
2156,6,Buyout,2.5030480703383917
2157,6,Buyout,1.2025511577148973
2158,6,Buyout,0.22499150650410785
2159,6,Buyout,5.683073625576055
2160,6,Buyout,0.17915265603559075
2161,6,Buyout,1.0758112424408988
2162,6,Buyout,1.687276549410483
2163,6,Buyout,3.2202785432976317
2164,6,Buyout,1.8968897731075371
2165,6,Buyout,2.2193469495109643
2166,6,Buyout,2.735225308209309
2167,6,Buyout,2.0442161855678185
2168,6,Buyout,0.14786883663852632
2169,6,Buyout,0.2844578039761376
2170,6,Buyout,3.8343248169348474
2171,6,Buyout,0.377833827408219
2172,6,Buyout,1.5859859986387876
2173,6,Buyout,0.24705379135206326
2174,6,Buyout,0.08488729426497466
2175,6,Buyout,0.2578327800364477
2176,6,Buyout,0.5559266876230815
2177,6,Buyout,3.7803037074812265
2178,6,Buyout,0.6051827370866794
2179,6,Buyout,0.3716061543600545
2180,6,Buyout,5.176559629880594
2181,6,Buyout,1.0497952989285404
2182,6,Buyout,3.6207237237344847
2183,6,Buyout,0.0737142805377869
2184,6,Buyout,1.1974604892794585
2185,6,Buyout,0.30116689468658103
2186,6,Buyout,0.6738724892085917
2187,6,Buyout,2.5365594600706283
2188,6,Buyout,1.0551113567478234
2189,6,Buyout,0.6014417474679287
2190,6,Buyout,0.5217738556545991
2191,6,Buyout,0.5602446958602704
2192,6,Buyout,0.07463064092381572
2193,6,Buyout,0.06211918119483247
2194,6,Buyout,0.3407681448023089
2195,6,Buyout,0.7552863555000285
2196,6,Buyout,0.8328383136134002
2197,6,Buyout,0.3664437563118375
2198,6,Buyout,1.1789538703088114
2199,6,Buyout,2.6716690690291927
2200,6,VC,2.796385915782196
2201,6,VC,3.0551161188923506
2202,6,VC,0.20750545519904706
2203,6,VC,1.7332454838188998
2204,6,VC,1.1345294410506677
2205,6,VC,0.3538900723320223
2206,6,VC,0.008529604703543706
2207,6,VC,0.020860264684764675
2208,6,VC,2.8003375724804327
2209,6,VC,0.3196962159347204
2210,6,VC,0.1613932079333208
2211,6,VC,0.2555488073505661
2212,6,VC,1.7133650357883743
2213,6,VC,0.7089369116491113
2214,6,VC,1.0374632208353538
2215,6,VC,0.584318705042925
2216,6,VC,0.4276246933565358
2217,6,VC,0.003817983305863265
2218,6,VC,1.9366782457075888
2219,6,VC,0.11712553278246575
2220,6,VC,0.00014358997979348385
2221,6,VC,0.7250416839974954
2222,6,VC,0.023289834846014882
2223,6,VC,0.43694525021110175
2224,6,VC,1.327647757228644
2225,6,VC,0.005491217903433536
2226,6,VC,0.5251383350085592
2227,6,VC,0.7295907860699331
2228,6,VC,0.7272113819614555
2229,6,VC,0.9761402776856432
2230,6,VC,0.18045908386170495
2231,6,VC,1.2635903174471896
2232,6,VC,0.6369706534076125
2233,6,VC,2.200671445535163
2234,6,VC,1.2121007643157502
2235,6,VC,0.03793741773914595
2236,6,VC,1.9862931766574763
2237,6,VC,0.359194463032376
2238,6,VC,0.9050874907837057
2239,6,VC,0.3300755397707895
2240,6,VC,5.851095419250721
2241,6,VC,0.6086741222979457
2242,6,VC,0.06547545912706194
2243,6,VC,0.4186632472974077
2244,6,VC,0.4177672964167849
2245,6,VC,0.07287114795571485
2246,6,VC,1.1546129428281426
2247,6,VC,0.7441785913168949
2248,6,VC,0.7214796082332747
2249,6,VC,1.743150661861664
2250,6,VC,0.14942438650212556
2251,6,VC,1.3191909220871645
2252,6,VC,1.1820435927010986
2253,6,VC,0.0008328220174364372
2254,6,VC,0.982792975051346
2255,6,VC,0.8999668033067555
2256,6,VC,0.014344794194022866
2257,6,VC,1.007118033733392
2258,6,VC,0.0009094181763894125
2259,6,VC,0.2583500184696158
2260,6,VC,2.5527778706902597
2261,6,VC,0.4128453820961076
2262,6,VC,1.9021894023649053
2263,6,VC,0.010549027813599031
2264,6,VC,1.3415653120297348
2265,6,VC,0.005200680882851262
2266,6,VC,4.679616351077116
2267,6,VC,1.5476911259072108
2268,6,VC,0.010493581088413416
2269,6,VC,0.5361797485288364
2270,6,VC,3.791460701676452
2271,6,VC,1.324622225267865
2272,6,VC,2.9042331201499487
2273,6,VC,0.07917443736268076
2274,6,VC,0.16185666255256062
2275,6,VC,2.138226215620332
2276,6,VC,0.4039897625298861
2277,6,VC,0.029877977613436118
2278,6,VC,3.2218875283122377
2279,6,VC,2.850316307346704
2280,6,VC,0.6047570312653306
2281,6,VC,0.257403295433352
2282,6,VC,0.8127876677205915
2283,6,VC,2.5992147557638306e-05
2284,6,VC,0.2425941945829499
2285,6,VC,0.2303288015516828
2286,6,VC,0.2453654472144933
2287,6,VC,4.677012900249702
2288,6,VC,0.9815953076390908
2289,6,VC,0.24096545187595306
2290,6,VC,2.1648581506700815
2291,6,VC,1.7026050012680365
2292,6,VC,0.0077656898371670485
2293,6,VC,0.6186451478274797
2294,6,VC,2.6489042309076787
2295,6,VC,0.5172209710965296
2296,6,VC,0.018219378238820874
2297,6,VC,0.9173598250995656
2298,6,VC,0.22241953592900368
2299,6,VC,0.396766607921587
2300,6,VC,3.568631626297589
2301,6,VC,1.3661560684002714
2302,6,VC,1.3259413561333804
2303,6,VC,1.2329264615831572
2304,6,VC,0.42574540079293144
2305,6,VC,1.956298790914203
2306,6,VC,0.3328929019002964
2307,6,VC,0.022441812239953375
2308,6,VC,0.2157009080491688
2309,6,VC,1.374715334814805
2310,6,VC,0.4063443822607653
2311,6,VC,11.932639124911386
2312,6,VC,0.1509820989434738
2313,6,VC,1.6589429328519532
2314,6,VC,2.103098121733927
2315,6,VC,0.9989587300919488
2316,6,VC,0.07660251331445732
2317,6,VC,0.0009648345669600057
2318,6,VC,3.171562095163769
2319,6,VC,0.4803233831461787
2320,6,VC,0.39287817377770057
2321,6,VC,0.8727603751193088
2322,6,VC,1.0148556706303415
2323,6,VC,2.7203534264248157
2324,6,VC,0.034680141715232427
2325,6,VC,2.189360887853546
2326,6,VC,1.5053902333896376
2327,6,VC,1.8808826555902407
2328,6,VC,0.14778171595592426
2329,6,VC,0.22226656282571225
2330,6,VC,0.5450298479609139
2331,6,VC,0.04351200728008003
2332,6,VC,1.8600936924063969
2333,6,VC,0.021701045802987814
2334,6,VC,1.8263596737683845
2335,6,VC,0.009223222194163704
2336,6,VC,1.6089219530129122
2337,6,VC,0.1538165817599251
2338,6,VC,0.3688592441672588
2339,6,VC,4.120672529955213e-06
2340,6,VC,0.04351024622011712
2341,6,VC,0.17601733806457268
2342,6,VC,2.016919532760648
2343,6,VC,2.9334025793745333
2344,6,VC,0.4313145402330095
2345,6,VC,0.0024907356816331713
2346,6,VC,0.12459358240348395
2347,6,VC,0.61159652823265
2348,6,VC,3.741816894104719
2349,6,VC,1.0312999944348695
2350,6,VC,4.185198391969278
2351,6,VC,6.10560679481086
2352,6,VC,1.2516582477199516
2353,6,VC,0.3873962140240347
2354,6,VC,0.8795021350169538
2355,6,VC,0.7276116724985082
2356,6,VC,0.4606027882201231
2357,6,VC,0.04586916286855167
2358,6,VC,1.0767535914477768
2359,6,VC,0.5803528253249118
2360,6,VC,4.0492016856638795
2361,6,VC,0.02739451085854716
2362,6,VC,0.5155685569011773
2363,6,VC,1.118463830321755
2364,6,VC,0.14923015176574578
2365,6,VC,0.2954190512841445
2366,6,VC,0.1593580417422668
2367,6,VC,0.3424560353860845
2368,6,VC,0.3459294657785089
2369,6,VC,0.37024780442359934
2370,6,VC,0.08395529309740565
2371,6,VC,0.4722892191352304
2372,6,VC,0.7085631030725014
2373,6,VC,1.3610136614742028
2374,6,VC,0.9379628825602314
2375,6,VC,0.0036426979865965205
2376,6,VC,2.0483154418969844
2377,6,VC,1.794198556152062
2378,6,VC,0.07497054261075048
2379,6,VC,0.10483559198641698
2380,6,VC,0.080341610816016
2381,6,VC,0.17491576709311238
2382,6,VC,0.10480563418932708
2383,6,VC,0.5184180243135506
2384,6,VC,0.0004050328865301435
2385,6,VC,0.8808843125350982
2386,6,VC,0.850119647622733
2387,6,VC,7.396020377725954e-05
2388,6,VC,0.049696103800025065
2389,6,VC,2.4596435531090206
2390,6,VC,0.01032616228205278
2391,6,VC,0.06945282492502992
2392,6,VC,3.3795398576322926
2393,6,VC,0.011991190099839958
2394,6,VC,5.385570368348014
2395,6,VC,0.949652038136142
2396,6,VC,1.223140920039011
2397,6,VC,0.7801810896749979
2398,6,VC,0.325155986781685
2399,6,VC,0.5472433226490176
