Date,WIKI/GOOG,WIKI/AMZN,WIKI/MCD,WIKI/DIS
2015-01-02,524.81,308.52,85.783316887628,90.586145533267
2015-01-05,513.87,302.19,84.835892306947,89.262379993207
2015-01-06,501.96,295.29,84.992263354244,88.788916405887
2015-01-07,501.1,298.42,86.473189155114,89.697193491767
2015-01-08,502.68,300.46,86.795129546607,90.624795622027
2015-01-09,496.17,296.93,85.737325403129,91.069271642777
2015-01-12,492.55,291.41,85.553359465133,91.272184608772
2015-01-13,496.18,294.74,85.387790120936,91.977548728658
2015-01-14,500.87,293.27,84.201209820861,91.049946598397
2015-01-15,501.79,286.95,84.054037070464,91.165896864679
2015-01-16,508.08,290.74,84.155218336361,91.967886206467
2015-01-20,506.9,289.44,83.520535850275,91.542735230098
2015-01-21,518.04,297.25,83.097414192883,90.991971465256
2015-01-22,534.39,310.32,83.603320522373,91.938898639897
2015-01-23,539.95,312.39,82.379947034698,91.523410185717
2015-01-26,535.21,309.66,83.400957990577,91.764973240473
2015-01-27,518.63,306.75,82.389145331598,90.798721021451
2015-01-28,510.0,303.91,81.662479876513,89.542593136723
2015-01-29,510.66,311.78,85.792515184528,90.074031857185
2015-01-30,534.52,354.53,85.029056541843,87.890301842197
2015-02-02,528.48,364.47,85.093444620142,88.827566494647
2015-02-03,529.24,363.55,86.390404483015,90.924333809924
2015-02-04,522.76,364.75,86.509982342713,97.862024742499
2015-02-05,527.58,373.89,86.776732952807,99.176127760368
2015-02-06,531.0,374.28,86.454792561314,98.577051384574
2015-02-09,527.83,370.56,85.286608855038,98.296838241058
2015-02-10,536.94,372.995,86.482387452013,98.480426162672
2015-02-11,535.97,375.14,86.65715509311,98.432113551721
2015-02-12,542.93,377.17,87.466605220293,100.08440484625
2015-02-13,549.01,381.83,87.981709846682,100.65449365547
2015-02-17,542.84,375.43,86.785931249707,100.60618104452
2015-02-18,539.7,373.37,86.997492078403,100.35495546757
2015-02-19,542.87,378.995,86.63875849931,100.38394303414
2015-02-20,538.95,383.66,86.63875849931,101.0216694987
2015-02-23,531.91,380.14,86.749138062108,101.44682047507
2015-02-24,536.09,378.59,87.365423954395,101.13761976498
2015-02-25,543.87,385.37,90.750397213525,102.0072467621
2015-02-26,555.48,384.8,92.314107686493,101.03133202089
2015-02-27,558.4,380.16,91.748218773934,100.56753095576
2015-03-02,571.34,385.655,92.768674190024,102.31644747219
2015-03-03,573.64,384.61,92.52747563713,102.76092349294
2015-03-04,573.37,382.72,93.000595875499,102.0072467621
2015-03-05,575.33,387.83,91.943032989733,101.48547056383
2015-03-06,567.685,380.09,90.10621324077,100.31630537881
2015-03-09,568.85,378.56,90.644271551072,101.7077085742
2015-03-10,555.01,369.51,89.326956377574,99.610941258927
2015-03-11,551.18,366.37,88.093133010847,99.417690815123
2015-03-12,555.51,374.24,89.289848907898,103.55325031254
2015-03-13,547.32,370.58,89.382617582088,102.84788619265
2015-03-16,554.51,373.35,90.124766975608,103.74650075634
2015-03-17,550.84,371.92,89.215633968546,103.35033734654
2015-03-18,559.5,375.135,89.985613964323,104.32625208775
2015-03-19,557.99,373.24,89.039373487585,103.74650075634
2015-03-20,560.36,378.49,90.031998301418,104.7707281085
2015-03-23,558.81,375.11,91.488466486202,104.56781514251
2015-03-24,570.19,374.09,92.174954675208,103.49527517939
2015-03-25,558.785,370.96,91.04317685009,101.45648299726
2015-03-26,555.17,367.35,90.579333479139,101.68838352982
2015-03-27,548.34,370.56,89.948506494647,101.92028406239
2015-03-30,552.03,374.59,90.801978297196,102.53868548256
2015-03-31,548.0,372.1,90.393796130759,101.35019525317
2015-04-01,542.56,370.255,89.326956377574,101.88163397363
2015-04-02,535.53,372.25,88.9002204763,102.42273521628
2015-04-06,536.765,377.04,89.317679510155,102.06522189524
2015-04-07,537.02,374.41,89.382617582088,101.87197145144
2015-04-08,541.61,381.2,89.846460953038,102.77058601513
2015-04-09,540.78,383.54,89.568154930468,103.16674942493
2015-04-10,540.01,382.65,90.727763357843,103.34067482435
2015-04-13,539.17,382.36,90.393796130759,102.91552384798
2015-04-14,530.39,385.11,90.523672274625,103.06046168083
2015-04-15,532.53,383.45,89.466109388859,103.36966239092
2015-04-16,533.8,386.04,88.71468312792,104.45186487623
2015-04-17,524.05,375.56,88.018918071495,103.0894492474
2015-04-20,535.38,389.51,89.224910835965,104.56781514251
2015-04-21,533.97,391.18,88.009641204076,104.04603894424
2015-04-22,539.365,389.8,90.76487082752,104.29726452118
2015-04-23,547.0,389.99,89.985613964323,105.32149187334
2015-04-24,565.06,445.1,91.59978889523,105.83360554943
2015-04-27,555.37,438.56,89.466109388859,106.44234444741
2015-04-28,553.68,429.31,89.8279072182,106.21044391484
2015-04-29,549.08,429.37,90.004167699161,106.10415617075
2015-04-30,537.34,421.78,89.568154930468,105.05094125202
2015-05-01,537.9,422.87,90.727763357843,106.79019524626
2015-05-04,540.78,423.04,89.17852649887,107.28298387796
2015-05-05,530.8,421.19,89.17852649887,107.07040838977
2015-05-06,524.22,419.1,89.419725051764,106.01719347104
2015-05-07,530.7,426.88,89.781522881105,105.57271745029
2015-05-08,538.22,433.69,91.126668656861,106.39403183646
2015-05-11,535.7,432.85,90.458734202692,104.93499098574
2015-05-12,529.04,431.02,90.866916369129,105.55339240591
2015-05-13,529.62,426.87,90.310304323988,105.50507979496
2015-05-14,538.4,432.28,90.644271551072,106.22010643703
2015-05-15,533.85,426.0,90.9504081759,106.57761975807
2015-05-18,532.3,425.24,90.931854441062,106.60660732464
2015-05-19,537.36,421.71,93.399501174516,106.82884533502
2015-05-20,539.27,423.86,92.870719731633,106.48099453617
2015-05-21,542.51,431.63,92.100739735856,106.66458245778
2015-05-22,540.11,427.63,91.831710580705,106.53896966931
2015-05-26,532.32,425.47,91.340036607498,105.74664284971
2015-05-27,539.79,431.42,91.525573955878,106.6452574134
2015-05-28,539.78,426.57,90.29175058915,106.79985776845
2015-05-29,532.11,429.23,89.777027715767,106.6452574134
2015-06-01,533.99,430.92,90.048427049005,107.21534622263
2015-06-02,539.18,430.99,90.113937232891,107.01243325663
2015-06-03,540.31,436.59,90.329184979942,107.41825918862
2015-06-04,536.7,430.78,90.132654428286,106.57761975807
2015-06-05,533.33,426.95,89.41204240555,106.57761975807
2015-06-08,526.83,423.5,89.206153256196,105.60170501686
2015-06-09,526.69,425.48,88.653995992021,104.85769080821
2015-06-10,536.69,430.77,89.1874360608,106.28774409237
2015-06-11,534.61,432.97,89.458835394039,106.88682046816
2015-06-12,532.33,429.92,88.962829716051,106.23943148142
2015-06-15,527.2,423.67,88.251576291012,106.46166949179
2015-06-16,528.15,427.26,88.560410015042,107.31197144453
2015-06-17,529.26,427.81,89.112567279217,107.72745989871
2015-06-18,536.73,439.39,90.001634060516,109.39907623762
2015-06-19,536.69,434.92,89.917406681235,108.8193249062
2015-06-22,538.19,436.29,90.656735899368,109.69861442551
2015-06-23,540.48,445.99,90.946852428002,110.54891637825
2015-06-24,537.84,440.84,90.441488152316,109.93051495808
2015-06-25,535.23,440.1,89.646007347997,110.58756646701
2015-06-26,531.69,438.1,91.049797002679,111.10934266528
2015-06-29,521.52,429.86,89.318456428571,109.23481336038
2015-06-30,520.51,434.09,88.972188313749,110.28802827912
2015-07-01,521.84,437.39,89.617931554903,111.8823444405
2015-07-02,523.4,437.71,90.001634060516,111.72685781572
2015-07-06,522.86,436.04,89.514986980226,112.43626554127
2015-07-07,525.02,436.72,90.478922543108,113.79677350806
2015-07-08,516.83,429.7,89.692800336486,111.94065192479
2015-07-09,520.68,434.39,90.301109186848,112.33908640078
2015-07-10,530.13,443.51,91.386706519802,113.15539118086
2015-07-13,546.55,455.57,92.116677140237,114.71997534267
2015-07-14,561.1,465.57,92.444228059663,114.5256170617
2015-07-15,560.22,461.19,92.715627392901,114.96292319388
2015-07-16,579.85,475.48,91.583237071458,115.71120257561
2015-07-17,672.93,483.01,91.246327554334,115.5071263806
2015-07-20,663.02,488.1,91.236968956636,116.20681619209
2015-07-21,662.3,488.0,91.077872795772,115.94443251278
2015-07-22,662.1,488.27,91.321196335917,115.96386834088
2015-07-23,644.28,482.18,90.862625048721,115.4488188963
2015-07-24,623.56,529.42,89.936123876631,115.55571595084
2015-07-27,627.26,531.41,89.879972290444,114.91433362364
2015-07-28,628.0,526.03,91.08723139347,115.11840981865
2015-07-29,631.93,529.0,91.910787990884,116.45948195735
2015-07-30,632.59,536.76,92.80921336988,116.64412232427
2015-07-31,625.61,536.15,93.454956611034,116.61496858213
2015-08-03,631.21,535.03,93.043178312327,117.70337495556
2015-08-04,629.25,531.9,92.781137576787,118.25729605632
2015-08-05,643.78,537.01,93.398805024847,107.41210397819
2015-08-06,642.68,529.46,92.977668128442,105.48795699658
2015-08-07,635.3,522.62,92.575248427433,106.26539012046
2015-08-10,633.73,524.0,93.015102519234,107.86884593847
2015-08-11,660.78,527.46,92.472303852757,104.95347172391
2015-08-12,659.56,525.91,91.976298174769,103.97196240501
2015-08-13,656.45,529.66,92.996385323838,104.48701184958
2015-08-14,657.12,531.52,92.902799346859,104.13716694384
2015-08-17,660.87,535.22,94.203644426864,105.97385269901
2015-08-18,656.13,535.02,94.297230403843,103.92337283477
2015-08-19,660.9,532.92,94.615422725571,103.44719504639
2015-08-20,646.83,515.78,93.361370634055,97.198576313201
2015-08-21,612.48,494.47,90.900059439513,96.051862455477
2015-08-24,589.61,463.37,86.913296820216,92.670028366596
2015-08-25,582.06,466.37,85.359769602367,93.185077811167
2015-08-26,628.62,500.77,89.047057095332,96.430861103369
2015-08-27,637.61,518.37,91.08723139347,99.287927833631
2015-08-28,630.38,518.01,90.871983646419,99.589183169135
2015-08-31,618.25,512.89,89.710710504756,99.006108326224
2015-09-01,597.79,496.54,88.247317521359,96.702962696727
2015-09-02,614.34,510.55,90.673717500281,99.015826240273
2015-09-03,606.25,504.72,90.645393765119,99.113005380758
2015-09-04,600.7,499.0,89.550209338835,98.12177814781
2015-09-08,614.66,517.54,91.37236963429,101.07602401856
2015-09-09,612.72,516.89,90.097801551977,99.03526206837
2015-09-10,621.35,522.24,89.927859141002,99.705798137717
2015-09-11,625.77,529.44,91.967168072703,101.53276597884
2015-09-14,623.24,521.38,91.551753290319,100.89138365164
2015-09-15,635.14,522.37,92.703585186929,100.51238500374
2015-09-16,635.98,527.39,93.175647439637,101.02743444831
2015-09-17,642.9,538.87,92.373141610033,101.26066438548
2015-09-18,629.25,540.26,91.627283250753,99.939028074881
2015-09-21,635.44,548.39,92.429789080358,100.49294917565
2015-09-22,622.69,538.4,91.768901926565,99.598901083183
2015-09-23,622.36,536.07,91.938844337541,98.704852990721
2015-09-24,625.8,533.75,91.853873132053,97.781651156112
2015-09-25,611.97,524.25,92.137110483678,97.47067790656
2015-09-28,594.89,504.06,90.598187539848,95.711735463779
2015-09-29,594.97,496.07,92.033256788082,96.615501470291
2015-09-30,608.42,511.67,93.02458751877,99.317081575777
2015-10-01,611.29,520.72,93.260618645125,99.773823536057
2015-10-02,626.91,532.54,94.214184395596,100.09451469966
2015-10-05,641.47,543.68,95.517076213072,100.92053739378
2015-10-06,645.44,537.48,96.206287102027,100.84279408139
2015-10-07,642.36,541.94,96.083550916323,100.47351334755
2015-10-08,639.16,533.16,97.197617832715,101.65909886147
2015-10-09,643.61,539.8,97.018234176686,102.58230069608
2015-10-12,646.67,550.19,97.471413939286,103.35001590591
2015-10-13,652.3,548.9,97.603591370045,103.58324584307
2015-10-14,651.16,544.83,97.074881647011,102.7475052349
2015-10-15,661.74,562.44,97.867946231561,104.84657466938
2015-10-16,662.2,570.76,98.963130657846,105.18670166108
2015-10-19,666.1,573.15,98.651569571058,106.38200508904
2015-10-20,650.28,560.88,98.037888642537,106.74156790884
2015-10-21,642.61,555.77,96.810526785494,106.98451576005
2015-10-22,651.79,563.91,104.67508391562,110.05537659938
2015-10-23,702.0,599.03,106.29897806494,109.8998899746
2015-10-26,712.78,608.61,105.91188701772,110.31776027869
2015-10-27,708.49,611.01,105.40205978479,110.5607081299
2015-10-28,712.95,617.1,106.62942164183,111.11462923067
2015-10-29,716.92,626.55,106.3273018001,111.79488321406
2015-10-30,710.81,625.9,105.9779757331,110.53155438776
2015-11-02,721.11,628.35,105.84579830234,111.79488321406
2015-11-03,722.16,625.31,105.81747456718,112.28077891649
2015-11-04,728.11,640.95,106.11959440891,110.05537659938
2015-11-05,731.25,655.65,106.54445043635,109.81242874817
2015-11-06,733.76,659.37,106.97874770884,112.40711179912
2015-11-09,724.89,655.49,106.61998039678,113.13595535276
2015-11-10,728.32,659.68,106.89377650335,114.10774675761
2015-11-11,735.4,673.25,107.48857494176,113.23313449324
2015-11-12,731.23,665.6,105.84579830234,112.93187915774
2015-11-13,717.0,642.35,103.82537186074,111.60052493309
2015-11-16,728.96,647.81,104.85446757165,112.65005965033
2015-11-17,725.3,643.3,104.741172631,112.85413584535
2015-11-18,740.0,663.54,106.24233059461,114.8074365691
2015-11-19,738.41,661.27,106.96930646378,115.36135766987
2015-11-20,756.6,668.45,107.54522241209,116.68299398046
2015-11-23,755.98,678.99,108.07393213512,116.05132956731
2015-11-24,748.28,671.15,107.89454847909,114.62279620218
2015-11-25,748.15,675.34,108.00784341974,115.32248601367
2015-11-27,750.26,673.26,108.68761306364,111.8823444405
2015-11-30,742.6,664.8,108.62100943137,110.26917070845
2015-12-01,767.04,679.06,108.89693876507,112.13501020576
2015-12-02,762.38,676.01,108.20235802852,110.78422015302
2015-12-03,752.54,666.25,107.88836947638,108.73374028878
2015-12-04,766.81,672.64,110.56202957188,111.01745009018
2015-12-07,763.25,669.83,110.7713552733,110.61901561419
2015-12-08,762.37,677.33,110.87601812402,109.30709721765
2015-12-09,751.61,664.79,110.92359214707,108.32558789875
2015-12-10,749.46,662.32,111.51351003291,108.32558789875
2015-12-11,738.87,640.15,110.44785191655,105.66537122229
2015-12-14,747.77,657.91,110.61911839954,106.94657851867
2015-12-15,743.4,658.64,111.25661030843,109.69481707045
2015-12-16,758.09,675.77,112.12245752797,111.28899103465
2015-12-17,749.43,670.65,111.79895417122,109.54811394491
2015-12-18,739.31,664.14,110.99971058395,105.35240455447
2015-12-21,747.77,664.51,111.97973545881,104.24724100873
2015-12-22,750.0,663.15,112.00827987264,104.39394413427
2015-12-23,750.31,663.7,113.03587877056,103.23987954669
2015-12-24,748.4,662.79,112.81703826452,103.53328579777
2015-12-28,762.51,675.2,112.98830474751,104.89273476111
2015-12-29,776.6,693.97,114.24425895607,104.72647121883
2015-12-30,771.0,689.07,113.63531146101,104.0027357995
2015-12-31,758.88,675.89,112.40790166628,102.77042954496
2016-01-04,741.84,636.99,111.8750726081,100.7165857874
2016-01-05,742.58,633.79,113.41647095497,98.682302446582
2016-01-06,743.62,632.65,112.65528658615,98.154171194638
2016-01-07,726.39,607.94,110.04823012292,97.313073274876
2016-01-08,714.47,607.05,109.87696363993,97.068568065642
2016-01-11,716.03,617.74,111.02825499778,97.723842026388
2016-01-12,726.07,617.89,111.74186534356,99.229994115265
2016-01-13,700.56,581.81,109.53443067396,96.315492021203
2016-01-14,714.72,593.0,110.96165136551,96.931645148471
2016-01-15,694.45,570.18,109.59151950162,91.836156588048
2016-01-19,701.79,574.48,111.79895417122,91.904618046634
2016-01-20,698.45,571.77,110.16240777824,90.506048249819
2016-01-21,706.59,575.02,112.12245752797,91.95351908848
2016-01-22,725.25,596.38,112.65528658615,94.770219098849
2016-01-25,711.67,596.53,113.41647095497,93.195605551386
2016-01-26,713.04,601.25,114.58679192204,94.154065971581
2016-01-27,699.99,583.35,115.00544332489,92.24692533956
2016-01-28,730.96,635.35,116.44217882105,91.474288878383
2016-01-29,742.95,587.0,117.7742514665,93.713956594961
2016-02-01,752.0,574.81,118.56398024915,93.058682634215
2016-02-02,764.65,552.1,117.93600314487,91.07330033524
2016-02-03,726.95,531.07,115.57633160151,93.048902425846
2016-02-04,708.01,536.26,114.80563242808,93.332528468556
2016-02-05,683.57,502.13,109.80084520305,91.836156588048
2016-02-08,682.74,488.1,110.41930750272,90.095279498307
2016-02-09,678.11,482.07,111.33272874531,90.290883665694
2016-02-10,684.12,490.48,111.83701338966,86.897151361535
2016-02-11,683.11,503.82,111.06631421622,88.325061783457
2016-02-12,682.4,507.08,112.20809076946,89.146599286481
2016-02-16,691.0,521.1,113.39744134575,90.867915959484
2016-02-17,708.4,534.1,112.88364189679,93.400989927142
2016-02-18,697.35,525.0,111.48496561908,93.078243050954
2016-02-19,700.91,534.9,110.87601812402,92.921759717044
2016-02-22,706.46,559.5,111.96070584959,94.251868055274
2016-02-23,695.85,552.94,111.2280658946,93.28362742671
2016-02-24,699.56,554.04,111.38030276836,93.332528468556
2016-02-25,705.75,555.15,112.62674217232,93.547693052682
2016-02-26,705.07,555.23,112.22712037868,93.215165968124
2016-02-29,697.77,552.52,112.3517532648,93.42055034388
2016-03-01,718.81,579.04,113.94321934911,95.503734726549
2016-03-02,718.85,580.21,113.58849498092,94.868021182542
2016-03-03,712.42,577.49,111.87239601049,96.648019105761
2016-03-04,710.89,575.14,112.34216611972,96.315492021203
2016-03-07,695.16,562.8,112.31340468446,97.205490982813
2016-03-08,693.97,560.26,113.5309721104,95.669998268827
2016-03-09,705.24,559.47,114.70060381091,95.513514934918
2016-03-10,712.82,558.93,115.02656674384,94.907142016019
2016-03-11,726.82,569.61,116.53174852237,95.787360769259
2016-03-14,730.49,573.37,117.826013109,96.638238897391
2016-03-15,728.33,577.02,118.33413179857,96.080767020339
2016-03-16,736.09,574.27,118.42041610435,96.276371187726
2016-03-17,737.78,559.44,118.07527888124,97.410875358569
2016-03-18,737.6,552.08,118.95729622917,97.019667023795
2016-03-21,742.09,553.98,118.69844331185,96.295931604465
2016-03-22,740.75,560.48,118.70803045693,95.435273267963
2016-03-23,738.06,569.63,119.06275482512,94.701757640263
2016-03-24,735.3,582.95,118.19991176736,95.083185766667
2016-03-28,733.53,579.87,118.08486602633,95.934063894799
2016-03-29,744.77,593.86,118.85183763322,96.002525353385
2016-03-30,750.53,598.69,120.63504661925,96.736040981085
2016-03-31,744.95,593.64,120.49123944296,97.127249315858
2016-04-01,749.91,598.5,121.77591688451,96.892524314994
2016-04-04,745.29,593.19,122.30320986424,96.51109618859
2016-04-05,737.8,586.14,122.12105410761,94.868021182542
2016-04-06,745.69,602.08,122.25527413881,95.33747118427
2016-04-07,740.28,591.43,122.84967713416,94.046483679518
2016-04-08,739.15,594.6,122.6771085226,94.300769097121
2016-04-11,736.1,595.93,122.29362271916,94.154065971581
2016-04-12,743.09,603.17,122.34155844459,95.210328475469
2016-04-13,751.72,614.82,121.65128399838,97.293512858137
2016-04-14,753.2,620.75,122.24568699373,96.462195146743
2016-04-15,759.0,625.89,122.50453991105,96.423074313266
2016-04-18,766.61,635.35,123.53036443527,99.249554532004
2016-04-19,753.93,627.9,123.53995158036,100.38405870285
2016-04-20,752.67,632.99,123.24275008269,101.00021183011
2016-04-21,759.14,631.0,120.59669803891,100.64812432882
2016-04-22,718.77,620.5,120.31867083141,101.48922224858
2016-04-25,723.15,626.2,122.1977512683,102.27163891813
2016-04-26,708.14,616.88,122.43742989545,102.58460558595
2016-04-27,705.84,606.57,123.00307145553,102.96603371235
2016-04-28,691.02,602.0,122.63875994226,101.74350766618
2016-04-29,693.01,659.59,121.26779819494,100.99043162175
2016-05-02,698.21,683.85,122.90720000467,102.06625454237
2016-05-03,692.36,671.32,123.0989429064,101.49900245695
2016-05-04,695.7,670.9,123.99054739941,101.39142016489
2016-05-05,701.43,659.09,123.94261167398,102.62372641942
2016-05-06,711.12,673.95,125.18894053518,103.22031912995
2016-05-09,712.9,679.75,125.42861916234,103.02471496257
2016-05-10,723.18,703.07,126.16682933397,104.2570212171
2016-05-11,715.29,713.23,123.80839164277,100.04175140992
2016-05-12,713.31,717.93,124.74793186122,99.474499324498
2016-05-13,710.83,709.92,123.5111901451,98.310654528548
2016-05-16,716.49,710.66,124.28774889708,98.154171194638
2016-05-17,706.23,695.27,122.41825560528,97.743402443126
2016-05-18,706.63,697.45,120.99935813253,96.824062856409
2016-05-19,700.32,698.52,120.1173407846,96.247030562618
2016-05-20,709.74,702.8,117.50005017607,97.586919109217
2016-05-23,704.24,696.75,117.73972880323,97.000106607057
2016-05-24,720.09,704.2,118.83266334305,97.322853483245
2016-05-25,725.27,708.35,118.17115033211,97.665160776172
2016-05-26,724.12,714.91,118.67926902167,97.616259734325
2016-05-27,732.66,712.24,118.16156318702,98.085709736053
2016-05-31,735.72,722.79,117.02069292177,97.039227440534
2016-06-01,734.15,719.44,116.93440861599,96.354612854681
2016-06-02,730.4,728.24,117.02069292177,96.550217022067
2016-06-03,722.34,725.54,117.19452905881,96.579557647175
2016-06-06,716.55,726.73,117.82227066481,96.608898272283
2016-06-07,716.65,723.74,117.72569503312,96.188349312402
2016-06-08,728.28,726.64,117.92850385968,95.885162852953
2016-06-09,728.58,727.65,118.58521815518,95.689558685566
2016-06-10,719.41,717.91,118.16994293891,95.200548267099
2016-06-13,718.36,715.24,118.77836941857,95.425493059594
2016-06-14,718.27,719.3,118.31480638644,96.237250354249
2016-06-15,718.92,714.26,118.06370974404,96.110107645447
2016-06-16,710.36,717.51,118.27617613377,96.21768993751
2016-06-17,691.72,706.39,118.08302487038,96.824062856409
2016-06-20,693.71,714.01,119.19364463485,97.381534733461
2016-06-21,695.94,715.82,118.43069714448,96.648019105761
2016-06-22,697.46,710.6,116.48952694746,96.618678480653
2016-06-23,701.87,722.08,117.05932317444,96.843623273147
2016-06-24,675.22,698.96,115.34993449349,93.616154511267
2016-06-27,668.26,691.36,112.31745965834,92.305606589776
2016-06-28,680.04,707.95,114.44212355558,93.938901387455
2016-06-29,684.11,715.6,115.39822230933,94.848460765803
2016-06-30,692.1,715.62,116.21911517872,95.669998268827
2016-07-01,699.21,725.68,116.27706055773,95.875382644583
2016-07-05,694.49,728.1,116.62473283183,95.513514934918
2016-07-06,697.77,737.61,116.49918451063,96.286151396095
2016-07-07,695.36,736.57,116.77925384253,96.941425356841
2016-07-08,705.63,745.81,117.15589880614,98.133368499629
2016-07-11,715.09,753.78,117.82227066481,98.487996211533
2016-07-12,720.64,748.21,118.06370974404,98.704713146585
2016-07-13,716.98,742.63,118.61419084469,98.389488513782
2016-07-14,720.95,741.2,119.68618035648,98.478145441758
2016-07-15,719.85,735.44,119.37713833506,98.310682355581
2016-07-18,733.78,736.07,119.56063203528,98.65545929771
2016-07-19,736.96,739.95,122.16817409097,97.985606953002
2016-07-20,741.19,745.72,121.74324131153,96.754260731114
2016-07-21,738.63,744.43,122.82488838648,96.547394565836
2016-07-22,742.74,744.86,123.86790520876,96.251871472583
2016-07-25,739.77,739.61,123.03735477621,95.93664683978
2016-07-26,738.42,735.59,117.54220133291,95.247092955522
2016-07-27,741.77,736.67,115.38856474616,94.892465243618
2016-07-28,745.91,752.61,115.33061936715,94.478732913064
2016-07-29,768.79,758.81,113.62123068619,94.518135992164
2016-08-01,772.88,767.74,113.96890296028,94.114254431385
2016-08-02,771.07,760.58,113.66951850204,93.592163633304
2016-08-03,773.18,754.64,113.49568236499,94.656046769016
2016-08-04,771.61,760.77,114.24897229219,93.739925179931
2016-08-05,782.22,765.98,115.12781054059,94.399926754863
2016-08-08,781.76,766.56,114.23931472902,94.321120596662
2016-08-09,784.26,768.31,114.25862985536,95.227391415972
2016-08-10,784.68,768.56,114.73185045065,96.39963301921
2016-08-11,784.85,771.24,115.29198911447,96.310976091234
2016-08-12,783.22,772.56,115.42719499884,95.394854502149
2016-08-15,782.44,768.49,114.46143868192,95.650974516302
2016-08-16,777.14,764.04,113.9013000181,95.434257581249
2016-08-17,779.91,764.63,113.09006471188,95.424406811474
2016-08-18,777.5,764.46,113.11903740139,95.207689876422
2016-08-19,775.42,757.31,111.07163400951,94.951569862269
2016-08-22,772.15,759.48,111.46759409945,94.439329833963
2016-08-23,772.08,762.45,111.24547014656,94.537837531714
2016-08-24,769.64,757.25,110.93642812514,94.390075985088
2016-08-25,769.41,759.22,111.47725166262,94.12410520116
2016-08-26,769.54,769.0,110.52115290886,93.789179028806
2016-08-29,772.15,771.29,111.45793653628,93.454252856452
2016-08-30,769.09,767.58,112.2691718425,93.444402086677
2016-08-31,767.05,769.16,112.56113397454,93.050371295673
2016-09-01,768.78,770.62,112.30810012677,92.853355900171
2016-09-02,771.46,772.44,112.7265791827,93.010968216573
2016-09-06,780.08,788.87,114.10853327438,92.400220490516
2016-09-07,780.35,784.48,113.78737492913,92.31156356254
2016-09-08,775.32,784.06,113.05746959902,92.685892813994
2016-09-09,759.66,760.14,111.51007029918,91.040814261551
2016-09-12,769.02,771.49,112.84336403552,92.242608174114
2016-09-13,759.69,761.01,111.6560513652,91.316635815254
2016-09-14,762.49,761.09,112.09399456327,90.883201945149
2016-09-15,771.76,769.69,113.02827338581,91.119620419752
2016-09-16,768.88,778.52,112.19131527395,91.178725038402
2016-09-19,765.7,775.1,112.12319077647,91.247680426828
2016-09-20,771.41,780.22,113.32996758893,91.562905059632
2016-09-21,776.22,789.74,113.7971070002,91.011261952226
2016-09-22,787.21,804.7,114.21558605613,92.016040469287
2016-09-23,786.9,805.75,114.03067670584,91.878129692435
2016-09-26,774.21,799.16,113.40782415747,90.587678851896
2016-09-27,783.01,816.11,113.74844664486,90.351260377293
2016-09-28,781.56,828.72,112.09399456327,90.824097326499
2016-09-29,775.01,829.05,111.71444379161,90.430066535494
2016-09-30,777.29,837.31,112.2691718425,91.474248131656
2016-10-03,772.56,836.74,111.56846272559,91.109769649977
2016-10-04,776.43,834.03,110.45900662382,91.208277347728
2016-10-05,776.47,844.36,110.3714179842,91.070366570876
2016-10-06,776.86,841.66,110.86775360868,91.44469582233
2016-10-07,775.08,839.43,110.41034626847,91.109769649977
2016-10-10,785.94,841.71,111.63658722306,91.109769649977
2016-10-11,783.07,831.0,110.63418390304,90.489171154145
2016-10-12,786.14,834.09,111.63658722306,90.045886514265
2016-10-13,778.19,829.28,112.31783219784,89.760214190787
2016-10-14,778.53,822.96,111.03319881684,89.937528046739
2016-10-17,779.96,812.95,109.39821087738,89.474541867309
2016-10-18,795.26,817.65,108.26929063348,89.809468039662
2016-10-19,801.56,817.69,108.27902270454,90.558126542571
2016-10-20,796.97,810.32,107.60750980084,90.656634240322
2016-10-21,799.37,818.99,110.87748567975,91.641711217833
2016-10-24,813.11,838.09,110.52713112129,91.976637390186
2016-10-25,807.67,835.18,109.6999050805,91.36588966413
2016-10-26,799.07,822.59,109.10624874534,92.094846627488
2016-10-27,795.35,818.36,109.07705253213,92.616937425568
2016-10-28,795.37,776.32,109.09651667427,92.449474339391
2016-10-31,784.54,789.82,109.55392401447,91.306785045479
2016-11-01,783.61,785.41,109.24249774029,91.011261952226
2016-11-02,768.7,765.56,109.37874673525,90.53842500302
2016-11-03,762.13,767.03,108.72669797368,91.976637390186
2016-11-04,762.02,755.05,108.06491714104,91.070366570876
2016-11-07,782.52,784.93,109.79722579118,93.020818986348
2016-11-08,790.51,787.75,111.05266295897,92.971565137472
2016-11-09,785.31,771.88,111.89935314191,93.227685151625
2016-11-10,762.56,742.38,111.4419458017,93.542909784428
2016-11-11,754.02,739.01,111.15971574072,96.222319163258
2016-11-14,736.08,719.07,114.70218960954,96.458737637861
2016-11-15,758.49,743.24,115.14986487868,96.242020702808
2016-11-16,764.48,746.49,116.01601920374,97.640830010874
2016-11-17,771.23,756.4,116.24958890938,97.887099255251
2016-11-18,760.54,760.16,116.78485281813,96.773962270664
2016-11-21,769.2,780.0,116.29824926472,96.173065314382
2016-11-22,768.27,785.33,116.48315861502,96.251871472583
2016-11-23,760.99,780.12,116.92110181309,96.793663810214
2016-11-25,761.68,780.37,117.42716950863,97.34530691762
2016-11-28,768.24,766.77,118.55608975254,97.493068464247
2016-11-29,770.84,762.52,118.36144833118,98.182622348504
2016-11-30,758.04,750.57,116.97853780626,97.640830010874
2016-12-01,747.92,743.65,116.1939077212,97.463516154922
2016-12-02,750.5,740.34,115.96832657174,97.030082284817
2016-12-05,762.52,759.36,116.99815355839,98.468294671983
2016-12-06,759.11,764.72,116.95892205413,99.15784855624
2016-12-07,771.19,770.42,117.61604975037,100.46800093633
2016-12-08,776.42,767.33,118.13586718172,102.60561797753
2016-12-09,789.29,768.66,118.93030514284,104.07453183521
2016-12-12,789.27,760.12,119.40108319388,103.28052434457
2016-12-13,796.1,774.34,120.32302354382,103.07209737828
2016-12-14,797.07,768.82,120.47994956084,103.27059925094
2016-12-15,797.85,761.0,120.0091715098,103.60805243446
2016-12-16,790.8,757.77,120.87226460336,103.13164794007
2016-12-19,794.2,766.0,120.62706770178,104.51123595506
2016-12-20,796.42,771.22,120.96053548793,104.67003745318
2016-12-21,794.56,770.6,120.81341734699,104.76928838951
2016-12-22,791.26,766.34,121.3430426544,104.63033707865
2016-12-23,789.91,760.59,120.77418584273,104.36235955056
2016-12-27,791.55,771.4,120.70553071029,104.38220973783
2016-12-28,785.05,772.13,120.32302354382,103.51872659176
2016-12-29,782.79,765.15,120.43091018052,103.77677902622
2016-12-30,771.82,749.87,119.38146744175,103.4393258427
2017-01-03,786.14,753.67,117.32181346847,105.28539325843
2017-01-04,786.9,757.18,117.18450320359,106.63520599251
2017-01-05,794.02,780.45,117.40027647698,106.57565543071
2017-01-06,806.15,795.99,118.43991133968,108.16367041199
2017-01-09,806.65,796.92,118.11625142959,107.54831460674
2017-01-10,804.79,795.9,117.93970966046,107.56816479401
2017-01-11,807.91,799.02,118.55760585244,108.6202247191
2017-01-12,806.36,813.64,119.75416673216,106.72453183521
2017-01-13,807.88,817.14,119.16569416836,107.25056179775
2017-01-17,804.61,809.72,120.39167867627,107.16123595506
2017-01-18,806.07,807.48,120.35244717201,107.34981273408
2017-01-19,802.175,809.04,119.83262974066,106.47640449438
2017-01-20,805.02,808.33,119.91109274917,106.85355805243
2017-01-23,819.31,817.88,119.0479996556,106.31760299625
2017-01-24,823.87,822.44,118.72433974552,107.09176029963
2017-01-25,835.67,836.52,119.4501225742,107.23071161049
2017-01-26,832.15,839.15,119.53839345876,107.25056179775
2017-01-27,823.31,835.77,120.49956531296,108.48127340824
2017-01-30,802.32,830.38,120.65649132997,110.10898876404
2017-01-31,796.79,823.48,120.21513690713,109.82116104869
2017-02-01,795.695,832.35,120.06801876618,110.46629213483
2017-02-02,798.53,839.95,120.85264885124,109.78146067416
2017-02-03,801.49,810.2,121.85305220969,109.47378277154
2017-02-06,801.34,807.64,122.05901760702,108.74925093633
2017-02-07,806.97,812.5,122.1963278719,108.18352059925
2017-02-08,808.38,819.71,122.27479088041,108.18352059925
2017-02-09,809.56,821.36,122.08844123521,108.66985018727
2017-02-10,813.67,827.46,123.40269662768,108.44157303371
2017-02-13,819.24,836.53,123.12807609791,108.82865168539
2017-02-14,820.45,836.39,123.39288875162,109.50355805243
2017-02-15,818.98,842.7,124.05001644785,109.35468164794
2017-02-16,824.16,844.14,124.26578972125,109.88071161049
2017-02-17,828.07,845.07,125.3446560882,109.23558052434
2017-02-21,831.66,856.44,125.58004511372,109.18595505618
2017-02-22,830.76,855.61,125.39369546852,109.29513108614
2017-02-23,831.33,852.19,125.80562626317,108.90805243446
2017-02-24,828.64,845.24,126.17832555358,109.4936329588
2017-02-27,829.28,848.64,125.47215847702,109.4043071161
2017-02-28,823.21,845.04,126.12426986056,109.26535580524
2017-03-01,835.24,853.08,127.50753643169,110.20823970037
2017-03-02,830.63,848.91,126.69733744003,109.76161048689
2017-03-03,829.08,849.88,126.37128174826,110.40674157303
2017-03-06,827.78,846.61,126.49972792986,109.84101123596
2017-03-07,831.91,846.02,126.5392498319,110.02958801498
2017-03-08,835.37,850.5,126.55901078291,110.00973782772
2017-03-09,838.68,853.0,126.60841316045,110.19831460674
2017-03-10,843.25,852.46,126.45032555232,110.08913857678
2017-03-13,845.54,854.59,126.08474795852,110.68464419476
2017-03-14,845.62,852.53,126.27247699318,111.46872659176
2017-03-15,847.2,852.97,126.35152079724,111.03202247191
2017-03-16,848.78,853.42,126.45032555232,110.87322097378
2017-03-17,852.12,852.31,127.10243693586,110.92284644195
2017-03-20,848.4,856.97,127.24076359297,111.86573033708
2017-03-21,830.46,843.2,126.98387122976,110.91292134831
2017-03-22,829.59,848.06,127.55693880923,111.2404494382
2017-03-23,817.58,847.38,127.45813405415,111.39925093633
2017-03-24,814.43,845.61,127.79407022142,111.3
2017-03-27,819.51,846.82,127.94227735404,111.53820224719
2017-03-28,820.92,856.0,127.90275545201,112.2031835206
2017-03-29,831.41,874.32,127.30004644602,111.68707865169
2017-03-30,831.5,876.34,127.77430927041,112.33220973783
2017-03-31,829.56,886.54,128.06084306014,112.54063670412
2017-04-03,838.55,891.51,128.06084306014,112.35205992509
2017-04-04,834.57,906.83,127.74466784388,112.19325842697
2017-04-05,831.41,909.28,128.85128110079,112.15355805243
2017-04-06,827.88,898.28,128.59438873758,112.2031835206
2017-04-07,824.67,894.88,128.40665970292,111.73670411985
2017-04-10,824.73,907.04,128.42642065394,111.58782771536
2017-04-11,823.35,902.36,129.63183866592,112.22303370787
2017-04-12,824.32,896.23,129.69112151897,112.19325842697
2017-04-13,823.56,884.67,129.19709774357,112.35205992509
2017-04-17,837.17,901.99,129.78004579854,112.92771535581
2017-04-18,836.82,903.78,130.71869097181,113.33464419476
2017-04-19,838.21,899.2,131.05462713909,112.87808988764
2017-04-20,841.65,902.06,131.67709709609,113.93014981273
2017-04-21,843.19,898.53,131.81542375321,113.58277153558
2017-04-24,862.76,907.41,132.62562274487,112.84831460674
2017-04-25,872.3,907.62,140.0063379494,114.29737827715
2017-04-26,871.624,909.29,139.15661705571,114.71423220974
2017-04-27,874.25,918.76,139.18625848223,114.97228464419
2017-04-28,905.96,924.99,138.25749378447,114.734082397
2017-05-01,912.57,948.43,139.46291179646,113.87059925094
2017-05-02,916.44,946.68,139.54195560052,113.51329588015
2017-05-03,927.04,941.03,140.91534169614,110.78389513109
2017-05-04,931.66,937.53,141.73542116331,110.3372659176
2017-05-05,927.13,934.15,142.23932541422,111.15112359551
2017-05-08,934.3,949.04,142.51597872845,110.58539325843
2017-05-09,932.17,952.82,142.63454443455,111.23052434457
2017-05-10,928.78,948.95,142.79263204268,108.83857677903
2017-05-11,930.6,947.62,142.48633730193,108.75917602996
2017-05-12,932.22,961.35,143.62259198535,108.86835205993
2017-05-15,937.08,957.97,144.5315957321,108.31254681648
2017-05-16,943.0,966.07,145.52952375841,107.17116104869
2017-05-17,919.62,944.52,144.6600419137,105.51367041199
2017-05-18,930.24,958.49,145.25287044419,105.8808988764
2017-05-19,934.01,959.84,146.37924465211,106.71460674157
2017-05-22,941.86,970.7,146.41876655414,106.82378277154
2017-05-23,948.82,971.54,146.05318896034,106.21835205993
2017-05-24,954.96,980.35,147.7131088457,106.9031835206
2017-05-25,969.54,993.38,147.98976215992,106.46647940075
2017-05-26,971.47,995.78,148.06880596399,107.59794007491
2017-05-30,975.88,996.7,148.13796929254,107.52846441948
2017-05-31,964.86,994.62,149.08649494132,107.13146067416
2017-06-01,966.95,995.95,151.49733096529,107.39943820225
2017-06-02,975.6,1006.73,152.8394229451,106.37715355805
2017-06-05,983.68,1011.34,151.8949878482,105.72209737828
2017-06-06,976.57,1002.97,150.34412600486,104.70973782772
2017-06-07,981.08,1010.07,151.04996697202,105.1265917603
2017-06-08,983.41,1009.94,150.54295444631,103.53857677903
2017-06-09,949.83,978.31,150.59266155668,104.82883895131
2017-06-12,942.9,964.83,147.60029351281,106.23820224719
2017-06-13,953.4,980.79,148.94238549262,105.76179775281
2017-06-14,950.76,976.47,149.79734779086,105.34494382022
2017-06-15,942.31,964.17,150.28447747242,105.1861423221
2017-06-16,939.78,987.71,151.09967408238,104.71966292135
2017-06-19,957.37,995.17,152.24293762074,104.58071161049
2017-06-20,950.63,992.59,153.1674898735,103.16142322097
2017-06-21,959.45,1002.23,152.82948152303,104.01498127341
2017-06-22,957.09,1001.3,153.8932136848,103.4393258427
2017-06-23,965.59,1003.74,153.73415093164,103.57827715356
2017-06-26,952.27,993.98,153.0581342307,104.77921348315
2017-06-27,927.33,976.78,152.81954010095,104.62041198502
2017-06-28,940.49,990.33,153.39614258117,106.0595505618
2017-06-29,917.79,975.93,152.23299619867,104.91816479401
2017-06-30,908.73,968.0,152.26282046488,105.45411985019
2017-07-03,898.7,953.66,151.60668660809,106.65505617978
2017-07-05,911.94,971.4,152.17334766623,104.83876404494
2017-07-06,906.69,965.14,152.19323051038,103.35
2017-07-07,918.59,978.76,155.35460272948,103.32
2017-07-10,928.8,996.47,154.60899607403,103.59
2017-07-11,930.09,994.13,154.0025693276,103.84
2017-07-12,943.83,1006.51,155.66278681373,104.38
2017-07-13,947.16,999.855,154.13180781454,104.29
2017-07-14,955.99,1001.81,154.37040194429,105.09
2017-07-17,953.42,1010.04,154.35051910014,104.79
2017-07-18,965.4,1024.38,153.0581342307,105.75
2017-07-19,970.89,1026.87,152.98854427619,106.82
2017-07-20,968.15,1028.7,153.30666978251,107.36
2017-07-21,972.92,1025.67,153.01836854241,107.09
2017-07-24,980.34,1038.95,150.96049417337,107.0
2017-07-25,950.7,1039.87,158.13820090983,106.42
2017-07-26,947.8,1052.8,155.59319685923,106.94
2017-07-27,934.09,1046.0,156.03061943042,110.0
2017-07-28,941.53,1020.04,154.93706300243,109.96
2017-07-31,930.5,987.78,154.23122203527,109.93
2017-08-01,930.83,996.19,153.13766560728,110.61
2017-08-02,930.39,995.89,155.67272823581,108.67
2017-08-03,923.65,986.92,153.81368230822,109.12
2017-08-04,927.96,987.58,152.91895432168,107.69
2017-08-07,929.36,,154.06221786004,106.35
2017-08-08,926.79,989.84,154.01251074967,106.98
2017-08-09,922.9,982.01,154.01251074967,102.83
2017-08-10,907.24,956.92,155.70255250203,101.35
2017-08-11,914.39,967.99,156.37856920297,101.99
2017-08-14,922.67,983.3,156.33880351468,101.4
2017-08-15,922.22,982.74,156.69669470929,101.51
2017-08-16,926.96,978.18,157.96919673459,102.2
2017-08-17,910.98,960.57,156.96511310525,101.38
2017-08-18,910.67,958.47,156.83587461831,100.7
2017-08-21,906.66,953.29,157.43235994267,101.17
2017-08-22,924.69,966.9,158.70486196797,102.77
2017-08-23,927.0,958.0,157.87972393594,101.5
2017-08-24,921.28,952.45,157.48206705303,101.52
2017-08-25,915.89,945.26,157.88966535801,102.41
2017-08-28,913.81,946.02,158.73468623419,102.56
2017-08-29,921.29,954.06,158.44638499408,102.57
2017-08-30,929.57,967.59,159.53,102.87
2017-08-31,939.33,980.6,159.97,101.2
2017-09-01,937.34,978.25,159.81,101.5
2017-09-05,928.45,965.27,159.1,101.6
2017-09-06,927.81,967.8,158.22,101.5
2017-09-07,935.95,979.47,159.9,97.06
2017-09-08,926.5,965.9,159.71,97.07
2017-09-11,929.08,977.96,161.53,97.09
2017-09-12,932.07,982.58,156.33,97.89
2017-09-13,935.09,999.6,157.0,98.82
2017-09-14,925.11,992.21,157.0,97.9
2017-09-15,920.29,986.79,156.92,98.52
2017-09-18,915.0,974.19,156.68,98.1
2017-09-19,921.81,969.86,157.43,98.43
2017-09-20,931.58,973.21,159.88,99.21
2017-09-21,932.45,964.65,159.03,98.89
2017-09-22,928.53,955.1,158.91,98.6
2017-09-25,920.97,939.79,156.26,99.57
2017-09-26,924.86,938.6,153.35,98.63
2017-09-27,944.49,950.87,154.05,99.24
2017-09-28,949.5,956.4,157.49,98.05
2017-09-29,959.11,961.35,156.68,98.57
2017-10-02,953.27,959.19,156.96,99.86
2017-10-03,957.79,957.1,156.86,100.79
2017-10-04,951.68,965.45,157.21,100.55
2017-10-05,969.96,980.85,158.8,100.11
2017-10-06,978.89,989.58,159.6,100.07
2017-10-09,977.0,990.99,160.12,99.57
2017-10-10,972.6,987.2,160.58,99.58
2017-10-11,989.25,995.0,163.15,98.55
2017-10-12,987.83,1000.93,163.91,96.93
2017-10-13,989.68,1002.94,165.37,97.38
2017-10-16,992.0,1006.34,165.01,98.13
2017-10-17,992.18,1009.13,165.4,98.36
2017-10-18,992.81,997.0,165.77,98.25
2017-10-19,984.45,986.61,166.5,99.01
2017-10-20,988.2,982.91,166.3,99.4
2017-10-23,968.45,966.3,163.34,98.7
2017-10-24,970.54,975.9,163.88,98.29
2017-10-25,973.33,972.91,163.55,97.79
2017-10-26,972.56,972.43,164.01,98.56
2017-10-27,1019.27,1100.95,165.39,98.31
2017-10-30,1017.11,1110.85,166.23,98.04
2017-10-31,1016.64,1105.28,166.91,97.81
2017-11-01,1025.5,1103.68,166.37,99.03
2017-11-02,1025.58,1094.22,168.1,98.35
2017-11-03,1032.48,1111.6,168.65,98.64
2017-11-06,1025.9,1120.66,170.07,100.64
2017-11-07,1033.33,1123.17,170.77,101.61
2017-11-09,1031.26,1129.13,167.0,102.68
2017-11-10,1028.07,1125.35,165.59,104.78
2017-11-13,1025.75,1129.17,167.37,104.74
2017-11-14,1026.0,1136.84,168.11,103.17
2017-11-15,1020.91,1126.69,167.32,103.69
2017-11-16,1032.5,1137.29,168.09,103.6
2017-11-17,1019.09,1129.88,166.72,103.44
2017-11-20,1018.38,1126.31,166.93,102.75
2017-11-21,1034.49,1139.49,168.3,103.0
2017-11-22,1035.96,1156.16,169.05,102.74
2017-11-24,1040.61,1186.0,169.11,102.64
2017-11-27,1054.21,1195.83,168.96,102.79
2017-11-28,1047.41,1193.6,171.34,103.41
2017-11-29,1021.66,1161.27,170.43,105.24
2017-11-30,1021.41,1176.75,171.97,104.82
2017-12-01,1010.17,1162.35,172.87,105.25
2017-12-04,998.68,1133.95,170.65,110.22
2017-12-05,1005.15,1141.57,172.99,107.22
2017-12-06,1018.38,1152.35,173.48,105.46
2017-12-07,1030.93,1159.79,172.91,105.26
2017-12-08,1037.05,1162.0,173.15,104.23
2017-12-11,1041.1,1168.92,173.25,106.83
2017-12-12,1040.48,1165.08,172.23,107.43
2017-12-13,1040.61,1164.13,173.55,107.61
2017-12-14,1049.15,1174.26,173.14,110.57
2017-12-15,1064.19,1179.14,174.06,111.27
2017-12-18,1077.14,1190.58,174.2,111.03
2017-12-19,1070.68,1187.38,173.39,111.81
2017-12-20,1064.95,1177.62,172.17,109.69
2017-12-21,1063.63,1174.76,171.85,109.57
2017-12-22,1060.12,1168.36,171.42,108.67
2017-12-26,1056.74,1176.76,171.29,108.12
2017-12-27,1049.37,1182.26,172.67,107.64
2017-12-28,1048.14,1186.1,173.1,107.77
2017-12-29,1046.4,1169.47,172.12,107.51
